section,section_id,section_sis_id,submitted,attempt,661998: Glæder du dig til kurset Statistisk Dataanalyse 1?,1.0,661999: Har du læst informationen på den eksterne kursushjemmeside før denne forelæsning?,1.0,662000: Foretrækker du bagværk med eller uden rosiner?,1.0,662001: Giv et realitisk bud på din karakter ved eksamen i Statistisk Dataanalyse 1,1.0,662002: Kunne du godt tænke dig at forelæsningerne videooptages og gøres tilgængelige i Absalon?,1.0,"662003: Beskriv din erfaring med programmet ""R""",1.0,662004: Jeg vil forsøge at lave afleveringsopgaver selvom de kun er frivillige,1.0,662005: Hvor ofte regner du med at komme til regneøvelsestimerne?,1.0,662006: Hvilken kategori passer bedst på dig?,1.0,662007: Hvor mange timer om ugen bruger du i gennemsnit på lønnet arbejde i en typisk undervisningsblok hvor du studerer på fuld tid?,1.0,662008: Hvad kan forelæseren godt lide at lave i sin fritid? (Gæt gerne på flere ting),1.0,662009: Hvor mange minutter kan du maksimalt fastholde koncentrationen ved en forelæsning også selvom indholdet faktisk er interessant?,0.0,661997: Hvilken studieretning er du indskrevet på?,1.0,662010: Angiv din højde i cm,1.0,662011: Hvilke af følgende synspunkter er du enig i?,1.0,n correct,n incorrect,score
Hold 06;,135009,Hsyl185051,2022-09-07 11:00:00 UTC,1,ja meget,1.0,Ja det hele,1.0,Med,1.0,Det ønsker jeg ikke at svare på,0.0,nej det er lige meget,0.0,Jeg kan lave nogle simple beregninger i R,0.0,Det ved jeg ikke,0.0,Under 5 gange ialt,0.0,"Jeg spiser både grønt, fisk og kød",0.0,"",0.0,"",0.0,"",0.0,naturressourcer,0.0,"",0.0,"",0.0,6,9,3.0
Hold 04;,135006,Hsyl185049,2022-09-07 09:01:40 UTC,1,ja lidt,0.0,Nej slet ikke,0.0,Uden,0.0,7,0.0,ja det vil være en stor fordel for mig,1.0,Jeg har brugt R før men kan intet huske,0.0,Ja,1.0,Halvdelen af gangene (ca. 1 gang om ugen),0.0,"Jeg spiser både grønt, fisk og kød",0.0,30,0.0,"Renovere sin bolig,Plukke kantareller,Køre på rulleski",0.0,30,0.0,naturressourcer,0.0,176,0.0,"Der bør være højere skat på flyrejser,Der bør være lavere skat på arbejde,Ingen uddannelser må have et karakterkrav (gennemsnit) på over 9 som optagelseskrav,Der bør ikke serveres kød på offentlige arbejdspladser og institutioner",0.0,5,10,2.0
Hold 04;,135006,Hsyl185049,2022-09-07 09:00:34 UTC,1,ja lidt,0.0,Ja det hele,1.0,Uden,0.0,10,0.0,ja men jeg vil ikke se ret mange af videoerne,0.0,Jeg kan lave nogle simple beregninger i R,0.0,Ja,1.0,Hver gang,1.0,Jeg er veganer eller vegetar,1.0,6,0.0,"Plukke kantareller,Køre på rulleski",0.0,"2,5",0.0,naturressourcer,0.0,182,0.0,"Der bør være lavere skat på arbejde,Det skal være gratis at gå til tandlæge,Der stilles større krav til unge mennesker idag end før i tiden",0.0,7,8,4.0
Hold 02;,135004,Hsyl185047,2022-09-07 08:55:31 UTC,1,ja lidt,0.0,Nej slet ikke,0.0,Med,1.0,02,0.0,ja det vil være en stor fordel for mig,1.0,Jeg har brugt R før men kan intet huske,0.0,Det ved jeg ikke,0.0,Hver gang,1.0,"Jeg spiser både grønt, fisk og kød",0.0,+/- 20 timer nogle uger næsten 30,0.0,"Hækle,Plukke kantareller",0.0,PAS.....,0.0,husdyrvidenskab,0.0,"164,5 cm",0.0,"",0.0,6,9,3.0
Hold 03;,135005,Hsyl185048,2022-09-07 08:54:51 UTC,1,hverken ja eller nej,0.0,Ja en del af informationen,0.0,Uden,0.0,7,0.0,ja det vil være en stor fordel for mig,1.0,Jeg har brugt R før men kan intet huske,0.0,Ja,1.0,Næsten hver gang,0.0,Jeg er veganer eller vegetar,1.0,14,0.0,"Renovere sin bolig,Hækle,Køre på rulleski,Se fodboldkampe med Liverpool i tv",0.0,40,0.0,naturressourcer,0.0,166,0.0,"Der bør være højere skat på flyrejser,Der bør være lavere skat på arbejde,Ingen uddannelser må have et karakterkrav (gennemsnit) på over 9 som optagelseskrav,Det skal være gratis at gå til tandlæge,Der bør ikke serveres kød på offentlige arbejdspladser og institutioner,Der stilles større krav til unge mennesker idag end før i tiden",0.0,6,9,3.0
Hold 04;,135006,Hsyl185049,2022-09-07 08:53:28 UTC,1,ja meget,1.0,Ja en del af informationen,0.0,Uden,0.0,4,0.0,ja det vil være en stor fordel for mig,1.0,Jeg har aldrig brugt R,1.0,Ja,1.0,Halvdelen af gangene (ca. 1 gang om ugen),0.0,"Jeg spiser både grønt, fisk og kød",0.0,10,0.0,"Klatre i træer,Køre på rulleski",0.0,45 min,0.0,andet,0.0,169,0.0,Det skal være gratis at gå til tandlæge,0.0,7,8,4.0
Hold 01;,131286,Hsyl181815,2022-09-07 08:53:26 UTC,1,hverken ja eller nej,0.0,Ja en del af informationen,0.0,Med,1.0,02,0.0,ja det vil være en stor fordel for mig,1.0,Jeg kan lave nogle simple beregninger i R,0.0,Ja,1.0,Næsten hver gang,0.0,"Jeg spiser både grønt, fisk og kød",0.0,12 timer ,0.0,"Renovere sin bolig,Køre på rulleski,Se fodboldkampe med Liverpool i tv",0.0,30 minutter,0.0,husdyrvidenskab,0.0,170 cm,0.0,Det skal være gratis at gå til tandlæge,0.0,6,9,3.0
Hold 03;,135005,Hsyl185048,2022-09-07 08:53:25 UTC,1,ja lidt,0.0,Ja en del af informationen,0.0,Uden,0.0,7,0.0,ja det vil være en stor fordel for mig,1.0,Jeg kan lave nogle simple beregninger i R,0.0,Det ved jeg ikke,0.0,Halvdelen af gangene (ca. 1 gang om ugen),0.0,"Jeg spiser både grønt, fisk og kød",0.0,4,0.0,"Renovere sin bolig,Plukke kantareller,Se fodboldkampe med Liverpool i tv",0.0,40-50 minutter,0.0,bioteknologi,1.0,181cm,0.0,"Der bør være lavere skat på arbejde,Ingen uddannelser må have et karakterkrav (gennemsnit) på over 9 som optagelseskrav,Der stilles større krav til unge mennesker idag end før i tiden",0.0,5,10,2.0
Hold 03;,135005,Hsyl185048,2022-09-07 08:53:18 UTC,1,ja lidt,0.0,Ja en del af informationen,0.0,Uden,0.0,4,0.0,ja men jeg vil ikke se ret mange af videoerne,0.0,Jeg kan lave nogle simple beregninger i R,0.0,Ja,1.0,Hver gang,1.0,"Jeg spiser både grønt, fisk og kød",0.0,"1,5 til 2 timer",0.0,"Renovere sin bolig,Klatre i træer,Se fodboldkampe med Liverpool i tv",0.0,30 min,0.0,bioteknologi,1.0,169,0.0,"Ingen uddannelser må have et karakterkrav (gennemsnit) på over 9 som optagelseskrav,Det skal være gratis at gå til tandlæge",0.0,6,9,3.0
Hold 03;,135005,Hsyl185048,2022-09-07 08:52:48 UTC,1,ja lidt,0.0,Nej slet ikke,0.0,Uden,0.0,7,0.0,ja det vil være en stor fordel for mig,1.0,Jeg kan lave nogle simple beregninger i R,0.0,Ja,1.0,Hver gang,1.0,"Jeg spiser både grønt, fisk og kød",0.0,8 timer om ugen ,0.0,Klatre i træer,0.0,30 minutter. ,0.0,naturressourcer,0.0,196 cm,0.0,"Der bør være højere skat på flyrejser,Der stilles større krav til unge mennesker idag end før i tiden",0.0,6,9,3.0
Hold 04;,135006,Hsyl185049,2022-09-07 08:52:46 UTC,1,ja lidt,0.0,Ja en del af informationen,0.0,Med,1.0,Det ønsker jeg ikke at svare på,0.0,ja men jeg vil ikke se ret mange af videoerne,0.0,Jeg kan lave nogle simple beregninger i R,0.0,Ja,1.0,Hver gang,1.0,"Jeg spiser både grønt, fisk og kød",0.0,7,0.0,"Renovere sin bolig,Hækle,Klatre i træer,Plukke kantareller,Køre på rulleski,Se fodboldkampe med Liverpool i tv",0.0,30-45 min,0.0,bioteknologi,1.0,165,0.0,"Der bør være højere skat på flyrejser,Det skal være gratis at gå til tandlæge",0.0,7,8,4.0
Hold 02;,135004,Hsyl185047,2022-09-07 08:52:45 UTC,1,hverken ja eller nej,0.0,Ja en del af informationen,0.0,Det har jeg ingen mening om,0.0,02,0.0,ja det vil være en stor fordel for mig,1.0,Jeg kan lave nogle simple beregninger i R,0.0,Det ved jeg ikke,0.0,Hver gang,1.0,"Jeg spiser både grønt, fisk og kød",0.0,15 timer,0.0,Se fodboldkampe med Liverpool i tv,0.0,45 minutter,0.0,bioteknologi,1.0,164,0.0,"Det skal være gratis at gå til tandlæge,Der stilles større krav til unge mennesker idag end før i tiden",0.0,6,9,3.0
Hold 02;,135004,Hsyl185047,2022-09-07 08:52:38 UTC,1,ja meget,1.0,Ja en del af informationen,0.0,Uden,0.0,10,0.0,ja men jeg vil ikke se ret mange af videoerne,0.0,Jeg kan lave nogle simple beregninger i R,0.0,Ja,1.0,Hver gang,1.0,"Jeg spiser både grønt, fisk og kød",0.0,20 timer,0.0,Se fodboldkampe med Liverpool i tv,0.0,40 minutter,0.0,naturressourcer,0.0,188,0.0,"Der bør være højere skat på flyrejser,Der bør være lavere skat på arbejde",0.0,6,9,3.0
Hold 01;,131286,Hsyl181815,2022-09-07 08:52:35 UTC,1,ja lidt,0.0,Ja en del af informationen,0.0,Uden,0.0,10,0.0,ja det vil være en stor fordel for mig,1.0,Jeg kan lave nogle simple beregninger i R,0.0,Ja,1.0,Hver gang,1.0,"Jeg spiser både grønt, fisk og kød",0.0,15 timer,0.0,"Renovere sin bolig,Klatre i træer,Se fodboldkampe med Liverpool i tv",0.0,"5-10 min. Derefter zoner jeg ud, medmindre jeg sidder forrest. dette skyldes at jeg let distraheres af andres skærme, og at jeg i mindre grad føler at du taler til mig. Sidder jeg forrest kan jeg holde fokus en hel forelæsning hvis det er interessant, og 15 min af gangen hvis det er kedeligt",0.0,bioteknologi,1.0,179,0.0,Der bør være lavere skat på arbejde,0.0,7,8,4.0
Hold 02;,135004,Hsyl185047,2022-09-07 08:52:32 UTC,1,hverken ja eller nej,0.0,Ja en del af informationen,0.0,Uden,0.0,7,0.0,ja det vil være en stor fordel for mig,1.0,Jeg kan lave nogle simple beregninger i R,0.0,Ja,1.0,Næsten hver gang,0.0,Jeg spiser både grønt og fisk men ikke kød,0.0,10-15,0.0,"Renovere sin bolig,Køre på rulleski,Se fodboldkampe med Liverpool i tv",0.0,45,0.0,naturressourcer,0.0,174,0.0,"Der bør være højere skat på flyrejser,Der bør ikke serveres kød på offentlige arbejdspladser og institutioner,Der stilles større krav til unge mennesker idag end før i tiden",0.0,5,10,2.0
Hold 03;,135005,Hsyl185048,2022-09-07 08:52:32 UTC,1,nej,0.0,Ja en del af informationen,0.0,Uden,0.0,4,0.0,ja det vil være en stor fordel for mig,1.0,Jeg har brugt R før men kan intet huske,0.0,Det ved jeg ikke,0.0,Næsten hver gang,0.0,"Jeg spiser både grønt, fisk og kød",0.0,3 timer ,0.0,"Renovere sin bolig,Køre på rulleski,Se fodboldkampe med Liverpool i tv",0.0,30 minutter intensivt og så svinger det frem og tilbage mellem at følge med og så falde ud af en tangent i sine tanker.,0.0,bioteknologi,1.0,199 cm,0.0,Det skal være gratis at gå til tandlæge,0.0,5,10,2.0
Hold 02;,135004,Hsyl185047,2022-09-07 08:52:28 UTC,1,ja meget,1.0,Nej slet ikke,0.0,Uden,0.0,7,0.0,ja det vil være en stor fordel for mig,1.0,Jeg kan lave nogle simple beregninger i R,0.0,Ja,1.0,Hver gang,1.0,"Jeg spiser både grønt, fisk og kød",0.0,0,0.0,"Renovere sin bolig,Køre på rulleski,Se fodboldkampe med Liverpool i tv",0.0,1 time,0.0,naturressourcer,0.0,180cm,0.0,"Der bør være højere skat på flyrejser,Ingen uddannelser må have et karakterkrav (gennemsnit) på over 9 som optagelseskrav,Det skal være gratis at gå til tandlæge",0.0,7,8,4.0
Hold 06;,135009,Hsyl185051,2022-09-07 08:52:24 UTC,1,ja lidt,0.0,Ja en del af informationen,0.0,Det har jeg ingen mening om,0.0,7,0.0,ja men jeg vil ikke se ret mange af videoerne,0.0,Jeg kan lave nogle simple beregninger i R,0.0,Ja,1.0,Næsten hver gang,0.0,"Jeg spiser både grønt, fisk og kød",0.0,"6 timer

 ",0.0,Se fodboldkampe med Liverpool i tv,0.0,45 min,0.0,bioteknologi,1.0,187 cm,0.0,"Ingen uddannelser må have et karakterkrav (gennemsnit) på over 9 som optagelseskrav,Det skal være gratis at gå til tandlæge",0.0,5,10,2.0
Hold 01;,131286,Hsyl181815,2022-09-07 08:52:24 UTC,1,ja lidt,0.0,Ja en del af informationen,0.0,Uden,0.0,10,0.0,ja det vil være en stor fordel for mig,1.0,Jeg kan lave nogle simple beregninger i R,0.0,Ja,1.0,Næsten hver gang,0.0,"Jeg spiser både grønt, fisk og kød",0.0,0,0.0,"Renovere sin bolig,Plukke kantareller,Køre på rulleski,Se fodboldkampe med Liverpool i tv",0.0,120,0.0,bioteknologi,1.0,189,0.0,"",0.0,6,9,3.0
Hold 04;,135006,Hsyl185049,2022-09-07 08:52:22 UTC,1,ja meget,1.0,Ja det hele,1.0,Uden,0.0,10,0.0,ja men jeg vil ikke se ret mange af videoerne,0.0,Jeg kan lave nogle simple beregninger i R,0.0,Ja,1.0,Hver gang,1.0,Jeg er veganer eller vegetar,1.0,8,0.0,"Renovere sin bolig,Køre på rulleski,Se fodboldkampe med Liverpool i tv",0.0,30,0.0,naturressourcer,0.0,169,0.0,"Der bør være højere skat på flyrejser,Det skal være gratis at gå til tandlæge,Der bør ikke serveres kød på offentlige arbejdspladser og institutioner",0.0,8,7,5.0
Hold 04;,135006,Hsyl185049,2022-09-07 08:52:13 UTC,1,hverken ja eller nej,0.0,Nej slet ikke,0.0,Uden,0.0,7,0.0,ja men jeg vil ikke se ret mange af videoerne,0.0,Jeg kan lave nogle simple beregninger i R,0.0,Ja,1.0,Hver gang,1.0,Ingen af ovenstående,0.0,7,0.0,"Klatre i træer,Plukke kantareller,Se fodboldkampe med Liverpool i tv",0.0,60,0.0,naturressourcer,0.0,175,0.0,"Der bør være højere skat på flyrejser,Det skal være gratis at gå til tandlæge,Der stilles større krav til unge mennesker idag end før i tiden",0.0,5,10,2.0
Hold 01;,131286,Hsyl181815,2022-09-07 08:52:12 UTC,1,ja lidt,0.0,Ja det hele,1.0,Uden,0.0,7,0.0,nej det er lige meget,0.0,Jeg har aldrig brugt R,1.0,Ja,1.0,Hver gang,1.0,Jeg er veganer eller vegetar,1.0,8 timer i gennemsnit ,0.0,Plukke kantareller,0.0,35-40 min,0.0,husdyrvidenskab,0.0,163 cm ,0.0,"",0.0,8,7,5.0
Hold 06;,135009,Hsyl185051,2022-09-07 08:52:08 UTC,1,ja lidt,0.0,Ja en del af informationen,0.0,Med,1.0,02,0.0,ja det vil være en stor fordel for mig,1.0,Jeg har brugt R før men kan intet huske,0.0,Ja,1.0,Næsten hver gang,0.0,"Jeg spiser både grønt, fisk og kød",0.0,10 timer,0.0,Plukke kantareller,0.0,1 time,0.0,husdyrvidenskab,0.0,164 cm,0.0,"Ingen uddannelser må have et karakterkrav (gennemsnit) på over 9 som optagelseskrav,Det skal være gratis at gå til tandlæge",0.0,6,9,3.0
Hold 06;,135009,Hsyl185051,2022-09-07 08:52:05 UTC,1,ja lidt,0.0,Ja en del af informationen,0.0,Det har jeg ingen mening om,0.0,4,0.0,ja det vil være en stor fordel for mig,1.0,Jeg kan lave nogle simple beregninger i R,0.0,Ja,1.0,Næsten hver gang,0.0,Jeg ønsker ikke at svare,0.0,18,0.0,"Klatre i træer,Plukke kantareller,Køre på rulleski",0.0,"40-45

 ",0.0,jordbrugsøkonomi,0.0,167,0.0,"",0.0,5,10,2.0
Hold 06;,135009,Hsyl185051,2022-09-07 08:52:04 UTC,1,ja lidt,0.0,Ja en del af informationen,0.0,Uden,0.0,10,0.0,ja det vil være en stor fordel for mig,1.0,Jeg har brugt R før men kan intet huske,0.0,Ja,1.0,Hver gang,1.0,Jeg er veganer eller vegetar,1.0,15,0.0,"Klatre i træer,Plukke kantareller,Se fodboldkampe med Liverpool i tv",0.0,50,0.0,naturressourcer,0.0,176,0.0,"Der bør være højere skat på flyrejser,Der bør ikke serveres kød på offentlige arbejdspladser og institutioner,Der stilles større krav til unge mennesker idag end før i tiden",0.0,7,8,4.0
Hold 04;,135006,Hsyl185049,2022-09-07 08:51:56 UTC,1,ja lidt,0.0,Nej slet ikke,0.0,Uden,0.0,7,0.0,ja men jeg vil ikke se ret mange af videoerne,0.0,Jeg kan lave nogle simple beregninger i R,0.0,Ja,1.0,Hver gang,1.0,"Jeg spiser både grønt, fisk og kød",0.0,10 timer :),0.0,Se fodboldkampe med Liverpool i tv,0.0,30 min cirkus,0.0,bioteknologi,1.0,"Højde i pas: 175

Højde i virkeligheden: 173",0.0,"Ingen uddannelser må have et karakterkrav (gennemsnit) på over 9 som optagelseskrav,Det skal være gratis at gå til tandlæge",0.0,6,9,3.0
Hold 02;,135004,Hsyl185047,2022-09-07 08:51:54 UTC,1,ja lidt,0.0,Ja det hele,1.0,Uden,0.0,10,0.0,ja men jeg vil ikke se ret mange af videoerne,0.0,Jeg kan lave nogle simple beregninger i R,0.0,Ja,1.0,Hver gang,1.0,"Jeg spiser både grønt, fisk og kød",0.0,10 timer,0.0,Plukke kantareller,0.0,40 min.,0.0,husdyrvidenskab,0.0,172 cm,0.0,Ingen uddannelser må have et karakterkrav (gennemsnit) på over 9 som optagelseskrav,0.0,6,9,3.0
Hold 02;,135004,Hsyl185047,2022-09-07 08:51:54 UTC,1,ja lidt,0.0,Nej slet ikke,0.0,Med,1.0,02,0.0,ja det vil være en stor fordel for mig,1.0,Jeg har brugt R før men kan intet huske,0.0,Ja,1.0,Næsten hver gang,0.0,Ingen af ovenstående,0.0,9-10 timer,0.0,Hækle,0.0,1 time og så pause.,0.0,husdyrvidenskab,0.0,169 cm,0.0,Der bør være højere skat på flyrejser,1.0,7,8,4.0
Hold 04;,135006,Hsyl185049,2022-09-07 08:51:54 UTC,1,ja meget,1.0,Ja det hele,1.0,Uden,0.0,12,1.0,nej det er lige meget,0.0,Jeg kan lave nogle simple beregninger i R,0.0,Ja,1.0,Hver gang,1.0,"Jeg spiser både grønt, fisk og kød",0.0,"1,5",0.0,"Renovere sin bolig,Hækle,Se fodboldkampe med Liverpool i tv",0.0,55,0.0,naturressourcer,0.0,164,0.0,"Der bør være højere skat på flyrejser,Der bør ikke serveres kød på offentlige arbejdspladser og institutioner",0.0,8,7,5.0
Hold 01;,131286,Hsyl181815,2022-09-07 08:51:52 UTC,1,ja lidt,0.0,Ja en del af informationen,0.0,Uden,0.0,10,0.0,ja men jeg vil ikke se ret mange af videoerne,0.0,Jeg kan lave nogle simple beregninger i R,0.0,Det ved jeg ikke,0.0,Næsten hver gang,0.0,"Jeg spiser både grønt, fisk og kød",0.0,0,0.0,"Renovere sin bolig,Klatre i træer,Køre på rulleski",0.0,50 min.,0.0,husdyrvidenskab,0.0,163 cm,0.0,"Der bør være højere skat på flyrejser,Det skal være gratis at gå til tandlæge,Der stilles større krav til unge mennesker idag end før i tiden",0.0,3,12,0.0
Hold 03;,135005,Hsyl185048,2022-09-07 08:51:45 UTC,1,ja lidt,0.0,Ja en del af informationen,0.0,Uden,0.0,10,0.0,ja men jeg vil ikke se ret mange af videoerne,0.0,Jeg kan lave nogle simple beregninger i R,0.0,Det ved jeg ikke,0.0,Hver gang,1.0,Jeg er veganer eller vegetar,1.0,2,0.0,"Renovere sin bolig,Køre på rulleski,Se fodboldkampe med Liverpool i tv",0.0,33,0.0,bioteknologi,1.0,192,0.0,"Der bør være højere skat på flyrejser,Det skal være gratis at gå til tandlæge,Der bør ikke serveres kød på offentlige arbejdspladser og institutioner",0.0,6,9,3.0
Hold 01;,131286,Hsyl181815,2022-09-07 08:51:44 UTC,1,ja lidt,0.0,Nej slet ikke,0.0,Det har jeg ingen mening om,0.0,10,0.0,ja men jeg vil ikke se ret mange af videoerne,0.0,Jeg kan lave nogle simple beregninger i R,0.0,Ja,1.0,Næsten hver gang,0.0,"Jeg spiser både grønt, fisk og kød",0.0,"10,5 timer",0.0,"Hækle,Plukke kantareller,Se fodboldkampe med Liverpool i tv",0.0,50 min - 1 time,0.0,bioteknologi,1.0,192 cm,0.0,"Der bør være højere skat på flyrejser,Ingen uddannelser må have et karakterkrav (gennemsnit) på over 9 som optagelseskrav,Der stilles større krav til unge mennesker idag end før i tiden",0.0,5,10,2.0
Hold 06;,135009,Hsyl185051,2022-09-07 08:51:43 UTC,1,ja lidt,0.0,Ja en del af informationen,0.0,Uden,0.0,4,0.0,ja men jeg vil ikke se ret mange af videoerne,0.0,Jeg kan lave nogle simple beregninger i R,0.0,Det ved jeg ikke,0.0,Næsten hver gang,0.0,"Jeg spiser både grønt, fisk og kød",0.0,15 timer,0.0,Se fodboldkampe med Liverpool i tv,0.0,30 min,0.0,bioteknologi,1.0,165,0.0,"",0.0,4,11,1.0
Hold 01;,131286,Hsyl181815,2022-09-07 08:51:39 UTC,1,ja lidt,0.0,Ja en del af informationen,0.0,Med,1.0,10,0.0,nej det er lige meget,0.0,Jeg kan lave nogle simple beregninger i R,0.0,Ja,1.0,Næsten hver gang,0.0,Jeg er veganer eller vegetar,1.0,8 ,0.0,"Renovere sin bolig,Køre på rulleski,Se fodboldkampe med Liverpool i tv",0.0,45,0.0,naturressourcer,0.0,180,0.0,"Der bør være højere skat på flyrejser,Det skal være gratis at gå til tandlæge,Der stilles større krav til unge mennesker idag end før i tiden",0.0,6,9,3.0
Hold 04;,135006,Hsyl185049,2022-09-07 08:51:35 UTC,1,hverken ja eller nej,0.0,Ja en del af informationen,0.0,Uden,0.0,7,0.0,ja men jeg vil ikke se ret mange af videoerne,0.0,Jeg kan lave nogle simple beregninger i R,0.0,Ja,1.0,Hver gang,1.0,"Jeg spiser både grønt, fisk og kød",0.0,"bruger ca 10-20 timer

 ",0.0,"Renovere sin bolig,Køre på rulleski,Se fodboldkampe med Liverpool i tv",0.0,50 min ,0.0,bioteknologi,1.0,"195 cm 

 ",0.0,Der bør være lavere skat på arbejde,0.0,6,9,3.0
Hold 02;,135004,Hsyl185047,2022-09-07 08:51:35 UTC,1,ja lidt,0.0,Ja en del af informationen,0.0,Med,1.0,02,0.0,ja det vil være en stor fordel for mig,1.0,Jeg kan lave nogle simple beregninger i R,0.0,Ja,1.0,Hver gang,1.0,"Jeg spiser både grønt, fisk og kød",0.0,Ønsker ikke at svarer.,0.0,"Renovere sin bolig,Klatre i træer,Plukke kantareller,Se fodboldkampe med Liverpool i tv",0.0,"30-40 minutter, kan dog strække det til en 1 time 1 t og 30 min",0.0,bioteknologi,1.0,"168,6",0.0,"Der bør være højere skat på flyrejser,Der bør være lavere skat på arbejde,Ingen uddannelser må have et karakterkrav (gennemsnit) på over 9 som optagelseskrav,Det skal være gratis at gå til tandlæge,Der stilles større krav til unge mennesker idag end før i tiden",0.0,8,7,5.0
Hold 05;,135008,Hsyl185050,2022-09-07 08:51:34 UTC,1,ja lidt,0.0,Ja det hele,1.0,Med,1.0,10,0.0,nej det er lige meget,0.0,Jeg kan lave nogle simple beregninger i R,0.0,Ja,1.0,Hver gang,1.0,"Jeg spiser både grønt, fisk og kød",0.0,10-15,0.0,Se fodboldkampe med Liverpool i tv,0.0,20-30 min,0.0,husdyrvidenskab,0.0,170,0.0,"Der bør være lavere skat på arbejde,Det skal være gratis at gå til tandlæge",0.0,7,8,4.0
Hold 03;,135005,Hsyl185048,2022-09-07 08:51:34 UTC,1,hverken ja eller nej,0.0,Ja en del af informationen,0.0,Med,1.0,Det ønsker jeg ikke at svare på,0.0,ja det vil være en stor fordel for mig,1.0,Jeg har brugt R før men kan intet huske,0.0,Ja,1.0,Næsten hver gang,0.0,"Jeg spiser både grønt, fisk og kød",0.0,"",0.0,Køre på rulleski,0.0,10-15,0.0,bioteknologi,1.0,155,0.0,Det skal være gratis at gå til tandlæge,0.0,7,8,4.0
Hold 03;,135005,Hsyl185048,2022-09-07 08:51:33 UTC,1,ja lidt,0.0,Nej slet ikke,0.0,Uden,0.0,02,0.0,ja det vil være en stor fordel for mig,1.0,Jeg har styr på det meste fra tidligere kurser hvor jeg har brugt R,0.0,Ja,1.0,Næsten hver gang,0.0,"Jeg spiser både grønt, fisk og kød",0.0,10,0.0,"Klatre i træer,Køre på rulleski,Se fodboldkampe med Liverpool i tv",0.0,5 minutter,0.0,jordbrugsøkonomi,0.0,164,0.0,"Ingen uddannelser må have et karakterkrav (gennemsnit) på over 9 som optagelseskrav,Det skal være gratis at gå til tandlæge,Der stilles større krav til unge mennesker idag end før i tiden",0.0,5,10,2.0
Hold 05;,135008,Hsyl185050,2022-09-07 08:51:31 UTC,1,ja lidt,0.0,Ja en del af informationen,0.0,Med,1.0,Det ønsker jeg ikke at svare på,0.0,ja men jeg vil ikke se ret mange af videoerne,0.0,Jeg kan lave nogle simple beregninger i R,0.0,Ja,1.0,Hver gang,1.0,"Jeg spiser både grønt, fisk og kød",0.0,0,0.0,"Hækle,Køre på rulleski",0.0,30,0.0,bioteknologi,1.0,178,0.0,"Det skal være gratis at gå til tandlæge,Der stilles større krav til unge mennesker idag end før i tiden",0.0,7,8,4.0
Hold 01;,131286,Hsyl181815,2022-09-07 08:51:28 UTC,1,ja meget,1.0,Ja det hele,1.0,Med,1.0,7,0.0,ja det vil være en stor fordel for mig,1.0,Jeg har brugt R før men kan intet huske,0.0,Ja,1.0,Hver gang,1.0,"Jeg spiser både grønt, fisk og kød",0.0,7 timer,0.0,"Renovere sin bolig,Hækle,Klatre i træer,Plukke kantareller,Køre på rulleski,Se fodboldkampe med Liverpool i tv",0.0,1 time,0.0,naturressourcer,0.0,174,0.0,"Der bør være højere skat på flyrejser,Ingen uddannelser må have et karakterkrav (gennemsnit) på over 9 som optagelseskrav,Det skal være gratis at gå til tandlæge,Der bør ikke serveres kød på offentlige arbejdspladser og institutioner,Der stilles større krav til unge mennesker idag end før i tiden",0.0,9,6,6.0
Hold 02;,135004,Hsyl185047,2022-09-07 08:51:28 UTC,1,ja lidt,0.0,Ja en del af informationen,0.0,Med,1.0,4,0.0,ja det vil være en stor fordel for mig,1.0,Jeg kan lave nogle simple beregninger i R,0.0,Ja,1.0,Hver gang,1.0,"Jeg spiser både grønt, fisk og kød",0.0,0,0.0,Renovere sin bolig,1.0,40-45 minutter,0.0,husdyrvidenskab,0.0,"161,8 ",0.0,Der stilles større krav til unge mennesker idag end før i tiden,0.0,8,7,5.0
Hold 01;,131286,Hsyl181815,2022-09-07 08:51:26 UTC,1,ja lidt,0.0,Ja en del af informationen,0.0,Uden,0.0,7,0.0,ja det vil være en stor fordel for mig,1.0,Jeg kan lave nogle simple beregninger i R,0.0,Ja,1.0,Næsten hver gang,0.0,"Jeg spiser både grønt, fisk og kød",0.0,"0

 ",0.0,"Renovere sin bolig,Plukke kantareller,Køre på rulleski,Se fodboldkampe med Liverpool i tv",0.0,1 times tid,0.0,bioteknologi,1.0,183,0.0,"Der bør være lavere skat på arbejde,Der stilles større krav til unge mennesker idag end før i tiden",0.0,6,9,3.0
Hold 06;,135009,Hsyl185051,2022-09-07 08:51:26 UTC,1,nej,0.0,Ja en del af informationen,0.0,Uden,0.0,02,0.0,ja men jeg vil ikke se ret mange af videoerne,0.0,Jeg har aldrig brugt R,1.0,Ja,1.0,Hver gang,1.0,"Jeg spiser både grønt, fisk og kød",0.0,15 timer,0.0,"Køre på rulleski,Se fodboldkampe med Liverpool i tv",0.0,45 min,0.0,bioteknologi,1.0,159 cm,0.0,"Der bør være lavere skat på arbejde,Det skal være gratis at gå til tandlæge,Der stilles større krav til unge mennesker idag end før i tiden",0.0,7,8,4.0
Hold 05;,135008,Hsyl185050,2022-09-07 08:51:25 UTC,1,ja lidt,0.0,Ja en del af informationen,0.0,Uden,0.0,Det ønsker jeg ikke at svare på,0.0,ja men jeg vil ikke se ret mange af videoerne,0.0,Jeg kan lave nogle simple beregninger i R,0.0,Ja,1.0,Næsten hver gang,0.0,Jeg spiser både grønt og fisk men ikke kød,0.0,0,0.0,"Køre på rulleski,Se fodboldkampe med Liverpool i tv",0.0,30,0.0,bioteknologi,1.0,167,0.0,Det skal være gratis at gå til tandlæge,0.0,5,10,2.0
Hold 04;,135006,Hsyl185049,2022-09-07 08:51:24 UTC,1,ja lidt,0.0,Ja en del af informationen,0.0,Uden,0.0,4,0.0,ja det vil være en stor fordel for mig,1.0,Jeg kan lave nogle simple beregninger i R,0.0,Det ved jeg ikke,0.0,Næsten hver gang,0.0,"Jeg spiser både grønt, fisk og kød",0.0,15 timer ,0.0,"Renovere sin bolig,Køre på rulleski,Se fodboldkampe med Liverpool i tv",0.0,45 min ,0.0,jordbrugsøkonomi,0.0,1.90,0.0,"Der bør være lavere skat på arbejde,Ingen uddannelser må have et karakterkrav (gennemsnit) på over 9 som optagelseskrav,Der stilles større krav til unge mennesker idag end før i tiden",0.0,4,11,1.0
Hold 04;,135006,Hsyl185049,2022-09-07 08:51:22 UTC,1,ja meget,1.0,Ja en del af informationen,0.0,Det har jeg ingen mening om,0.0,10,0.0,ja det vil være en stor fordel for mig,1.0,Jeg har styr på det meste fra tidligere kurser hvor jeg har brugt R,0.0,Det ved jeg ikke,0.0,Hver gang,1.0,"Jeg spiser både grønt, fisk og kød",0.0,10 timer,0.0,Klatre i træer,0.0,40,0.0,andet,0.0,163,0.0,Ingen uddannelser må have et karakterkrav (gennemsnit) på over 9 som optagelseskrav,0.0,6,9,3.0
Hold 05;,135008,Hsyl185050,2022-09-07 08:51:21 UTC,1,ja lidt,0.0,Ja en del af informationen,0.0,Uden,0.0,7,0.0,nej det er lige meget,0.0,Jeg kan lave nogle simple beregninger i R,0.0,Det ved jeg ikke,0.0,Hver gang,1.0,"Jeg spiser både grønt, fisk og kød",0.0,10,0.0,"Plukke kantareller,Se fodboldkampe med Liverpool i tv",0.0,50,0.0,naturressourcer,0.0,191,0.0,Det skal være gratis at gå til tandlæge,0.0,4,11,1.0
Hold 01;,131286,Hsyl181815,2022-09-07 08:51:20 UTC,1,nej,0.0,Ja det hele,1.0,Uden,0.0,02,0.0,ja det vil være en stor fordel for mig,1.0,Jeg har brugt R før men kan intet huske,0.0,Ja,1.0,Hver gang,1.0,"Jeg spiser både grønt, fisk og kød",0.0,10-15,0.0,"Renovere sin bolig,Se fodboldkampe med Liverpool i tv",0.0,45 min,0.0,bioteknologi,1.0,163 cm,0.0,"Der bør være lavere skat på arbejde,Det skal være gratis at gå til tandlæge,Der stilles større krav til unge mennesker idag end før i tiden",0.0,8,7,5.0
Hold 02;,135004,Hsyl185047,2022-09-07 08:51:19 UTC,1,hverken ja eller nej,0.0,Ja en del af informationen,0.0,Uden,0.0,4,0.0,ja det vil være en stor fordel for mig,1.0,Jeg kan lave nogle simple beregninger i R,0.0,Det ved jeg ikke,0.0,Næsten hver gang,0.0,"Jeg spiser både grønt, fisk og kød",0.0,15,0.0,"Klatre i træer,Køre på rulleski,Se fodboldkampe med Liverpool i tv",0.0,20,0.0,husdyrvidenskab,0.0,164,0.0,"Ingen uddannelser må have et karakterkrav (gennemsnit) på over 9 som optagelseskrav,Det skal være gratis at gå til tandlæge,Der stilles større krav til unge mennesker idag end før i tiden",0.0,4,11,1.0
Hold 05;,135008,Hsyl185050,2022-09-07 08:51:18 UTC,1,hverken ja eller nej,0.0,Ja det hele,1.0,Uden,0.0,7,0.0,ja men jeg vil ikke se ret mange af videoerne,0.0,Jeg kan lave nogle simple beregninger i R,0.0,Ja,1.0,Næsten hver gang,0.0,"Jeg spiser både grønt, fisk og kød",0.0,0,0.0,Se fodboldkampe med Liverpool i tv,0.0,35-45,0.0,bioteknologi,1.0,177,0.0,"Der bør være højere skat på flyrejser,Det skal være gratis at gå til tandlæge,Der stilles større krav til unge mennesker idag end før i tiden",0.0,6,9,3.0
Hold 02;,135004,Hsyl185047,2022-09-07 08:51:17 UTC,1,hverken ja eller nej,0.0,Ja en del af informationen,0.0,Uden,0.0,4,0.0,ja det vil være en stor fordel for mig,1.0,Jeg kan lave nogle simple beregninger i R,0.0,Ja,1.0,Hver gang,1.0,"Jeg spiser både grønt, fisk og kød",0.0,me no work,0.0,Se fodboldkampe med Liverpool i tv,0.0,30-35 min. min hjerne begynder at tænke på noget random selvom jeg finder det interresant,0.0,bioteknologi,1.0,184,0.0,"Ingen uddannelser må have et karakterkrav (gennemsnit) på over 9 som optagelseskrav,Det skal være gratis at gå til tandlæge",0.0,7,8,4.0
Hold 05;,135008,Hsyl185050,2022-09-07 08:51:15 UTC,1,ja lidt,0.0,Ja en del af informationen,0.0,Med,1.0,7,0.0,ja men jeg vil ikke se ret mange af videoerne,0.0,Jeg kan lave nogle simple beregninger i R,0.0,Det ved jeg ikke,0.0,Næsten hver gang,0.0,"Jeg spiser både grønt, fisk og kød",0.0,0 ,0.0,"Renovere sin bolig,Hækle,Klatre i træer,Plukke kantareller,Køre på rulleski,Se fodboldkampe med Liverpool i tv",0.0,Mellem pauser maks en time,0.0,naturressourcer,0.0,160,0.0,"Der bør være højere skat på flyrejser,Der bør være lavere skat på arbejde,Det skal være gratis at gå til tandlæge",0.0,4,11,1.0
Hold 05;,135008,Hsyl185050,2022-09-07 08:51:15 UTC,1,ja lidt,0.0,Ja en del af informationen,0.0,Uden,0.0,Det ønsker jeg ikke at svare på,0.0,ja det vil være en stor fordel for mig,1.0,Jeg kan lave nogle simple beregninger i R,0.0,Ja,1.0,Næsten hver gang,0.0,"Jeg spiser både grønt, fisk og kød",0.0,15 timer,0.0,"Renovere sin bolig,Se fodboldkampe med Liverpool i tv",0.0,40 min,0.0,jordbrugsøkonomi,0.0,196,0.0,Der bør være lavere skat på arbejde,0.0,5,10,2.0
Hold 06;,135009,Hsyl185051,2022-09-07 08:51:14 UTC,1,ja lidt,0.0,Ja en del af informationen,0.0,Uden,0.0,Det ønsker jeg ikke at svare på,0.0,ja men jeg vil ikke se ret mange af videoerne,0.0,Jeg kan lave nogle simple beregninger i R,0.0,Ja,1.0,Hver gang,1.0,"Jeg spiser både grønt, fisk og kød",0.0,4 ,0.0,"Køre på rulleski,Se fodboldkampe med Liverpool i tv",0.0,40,0.0,bioteknologi,1.0,178,0.0,"Det skal være gratis at gå til tandlæge,Der stilles større krav til unge mennesker idag end før i tiden",0.0,6,9,3.0
Hold 02;,135004,Hsyl185047,2022-09-07 08:51:10 UTC,1,ja lidt,0.0,Nej slet ikke,0.0,Med,1.0,02,0.0,ja det vil være en stor fordel for mig,1.0,Jeg har brugt R før men kan intet huske,0.0,Det ved jeg ikke,0.0,Hver gang,1.0,"Jeg spiser både grønt, fisk og kød",0.0,0 :) <3 ,0.0,"Klatre i træer,Se fodboldkampe med Liverpool i tv",0.0,15 minutter <3,0.0,bioteknologi,1.0,230cm,0.0,"Der bør være højere skat på flyrejser,Ingen uddannelser må have et karakterkrav (gennemsnit) på over 9 som optagelseskrav,Det skal være gratis at gå til tandlæge,Der stilles større krav til unge mennesker idag end før i tiden",0.0,7,8,4.0
Hold 05;,135008,Hsyl185050,2022-09-07 08:51:09 UTC,1,ja meget,1.0,Ja det hele,1.0,Uden,0.0,10,0.0,ja men jeg vil ikke se ret mange af videoerne,0.0,Jeg kan lave nogle simple beregninger i R,0.0,Ja,1.0,Næsten hver gang,0.0,"Jeg spiser både grønt, fisk og kød",0.0,20,0.0,"Renovere sin bolig,Plukke kantareller,Køre på rulleski,Se fodboldkampe med Liverpool i tv",0.0,45,0.0,jordbrugsøkonomi,0.0,178,0.0,"Der bør være højere skat på flyrejser,Ingen uddannelser må have et karakterkrav (gennemsnit) på over 9 som optagelseskrav",0.0,6,9,3.0
Hold 03;,135005,Hsyl185048,2022-09-07 08:51:07 UTC,1,hverken ja eller nej,0.0,Ja en del af informationen,0.0,Med,1.0,10,0.0,ja men jeg vil ikke se ret mange af videoerne,0.0,Jeg kan lave nogle simple beregninger i R,0.0,Ja,1.0,Hver gang,1.0,"Jeg spiser både grønt, fisk og kød",0.0,0 timer,0.0,"Klatre i træer,Køre på rulleski,Se fodboldkampe med Liverpool i tv",0.0,"60 minutter , hvis der ikke er pause.",0.0,bioteknologi,1.0,183 cm,0.0,"Ingen uddannelser må have et karakterkrav (gennemsnit) på over 9 som optagelseskrav,Det skal være gratis at gå til tandlæge,Der stilles større krav til unge mennesker idag end før i tiden",0.0,7,8,4.0
Hold 01;,131286,Hsyl181815,2022-09-07 08:51:06 UTC,1,ja lidt,0.0,Ja en del af informationen,0.0,Uden,0.0,4,0.0,ja det vil være en stor fordel for mig,1.0,Jeg kan lave nogle simple beregninger i R,0.0,Ja,1.0,Hver gang,1.0,"Jeg spiser både grønt, fisk og kød",0.0,10-15 timer ,0.0,"Renovere sin bolig,Se fodboldkampe med Liverpool i tv",0.0,40-45 minutter ,0.0,husdyrvidenskab,0.0,161,0.0,"Ingen uddannelser må have et karakterkrav (gennemsnit) på over 9 som optagelseskrav,Det skal være gratis at gå til tandlæge,Der stilles større krav til unge mennesker idag end før i tiden",0.0,6,9,3.0
Hold 01;,131286,Hsyl181815,2022-09-07 08:51:06 UTC,1,hverken ja eller nej,0.0,Ja en del af informationen,0.0,Uden,0.0,7,0.0,ja det vil være en stor fordel for mig,1.0,Jeg kan lave nogle simple beregninger i R,0.0,Ja,1.0,Næsten hver gang,0.0,"Jeg spiser både grønt, fisk og kød",0.0,10 timer,0.0,"Renovere sin bolig,Klatre i træer,Plukke kantareller,Køre på rulleski,Se fodboldkampe med Liverpool i tv",0.0,30-40 min,0.0,jordbrugsøkonomi,0.0,164,0.0,"Der bør være højere skat på flyrejser,Det skal være gratis at gå til tandlæge,Der stilles større krav til unge mennesker idag end før i tiden",0.0,5,10,2.0
Hold 02;,135004,Hsyl185047,2022-09-07 08:51:06 UTC,1,hverken ja eller nej,0.0,Ja en del af informationen,0.0,Uden,0.0,4,0.0,ja men jeg vil ikke se ret mange af videoerne,0.0,Jeg kan lave nogle simple beregninger i R,0.0,Ja,1.0,Hver gang,1.0,"Jeg spiser både grønt, fisk og kød",0.0,0 timer,0.0,"Renovere sin bolig,Se fodboldkampe med Liverpool i tv",0.0,30,0.0,naturressourcer,0.0,181,0.0,"Der bør være højere skat på flyrejser,Ingen uddannelser må have et karakterkrav (gennemsnit) på over 9 som optagelseskrav,Det skal være gratis at gå til tandlæge",0.0,5,10,2.0
Hold 06;,135009,Hsyl185051,2022-09-07 08:51:05 UTC,1,ja lidt,0.0,Ja en del af informationen,0.0,Uden,0.0,10,0.0,ja men jeg vil ikke se ret mange af videoerne,0.0,Jeg har brugt R før men kan intet huske,0.0,Ja,1.0,Hver gang,1.0,Jeg spiser både grønt og fisk men ikke kød,0.0,0,0.0,"Renovere sin bolig,Plukke kantareller,Se fodboldkampe med Liverpool i tv",0.0,50,0.0,naturressourcer,0.0,173,0.0,Der bør være højere skat på flyrejser,1.0,6,9,3.0
Hold 03;,135005,Hsyl185048,2022-09-07 08:51:03 UTC,1,ja lidt,0.0,Ja en del af informationen,0.0,Uden,0.0,4,0.0,nej det er lige meget,0.0,Jeg kan lave nogle simple beregninger i R,0.0,Ja,1.0,Under 5 gange ialt,0.0,Ingen af ovenstående,0.0,0,0.0,"Renovere sin bolig,Se fodboldkampe med Liverpool i tv",0.0,45-60min,0.0,husdyrvidenskab,0.0,168,0.0,"Der bør være højere skat på flyrejser,Ingen uddannelser må have et karakterkrav (gennemsnit) på over 9 som optagelseskrav,Det skal være gratis at gå til tandlæge,Der stilles større krav til unge mennesker idag end før i tiden",0.0,4,11,1.0
Hold 05;,135008,Hsyl185050,2022-09-07 08:51:02 UTC,1,ja lidt,0.0,Ja en del af informationen,0.0,Uden,0.0,7,0.0,ja men jeg vil ikke se ret mange af videoerne,0.0,Jeg kan lave nogle simple beregninger i R,0.0,Nej,0.0,Hver gang,1.0,"Jeg spiser både grønt, fisk og kød",0.0,0,0.0,"Køre på rulleski,Se fodboldkampe med Liverpool i tv",0.0,60,0.0,naturressourcer,0.0,168,0.0,"Der bør være højere skat på flyrejser,Det skal være gratis at gå til tandlæge,Der stilles større krav til unge mennesker idag end før i tiden",0.0,4,11,1.0
Hold 06;,135009,Hsyl185051,2022-09-07 08:51:01 UTC,1,hverken ja eller nej,0.0,Ja en del af informationen,0.0,Uden,0.0,7,0.0,ja men jeg vil ikke se ret mange af videoerne,0.0,Jeg kan lave nogle simple beregninger i R,0.0,Det ved jeg ikke,0.0,Næsten hver gang,0.0,"Jeg spiser både grønt, fisk og kød",0.0,0,0.0,"Renovere sin bolig,Hækle,Se fodboldkampe med Liverpool i tv",0.0,45,0.0,bioteknologi,1.0,180,0.0,"Der bør være højere skat på flyrejser,Det skal være gratis at gå til tandlæge,Der stilles større krav til unge mennesker idag end før i tiden",0.0,4,11,1.0
Hold 01;,131286,Hsyl181815,2022-09-07 08:51:01 UTC,1,hverken ja eller nej,0.0,Ja en del af informationen,0.0,Uden,0.0,7,0.0,ja det vil være en stor fordel for mig,1.0,Jeg har brugt R før men kan intet huske,0.0,Ja,1.0,Hver gang,1.0,"Jeg spiser både grønt, fisk og kød",0.0,0,0.0,"Plukke kantareller,Køre på rulleski,Se fodboldkampe med Liverpool i tv",0.0,40 min før pause,0.0,jordbrugsøkonomi,0.0,189,0.0,"Ingen uddannelser må have et karakterkrav (gennemsnit) på over 9 som optagelseskrav,Det skal være gratis at gå til tandlæge,Der stilles større krav til unge mennesker idag end før i tiden",0.0,6,9,3.0
Hold 01;,131286,Hsyl181815,2022-09-07 08:51:01 UTC,1,ja meget,1.0,Ja en del af informationen,0.0,Uden,0.0,10,0.0,ja men jeg vil ikke se ret mange af videoerne,0.0,Jeg kan lave nogle simple beregninger i R,0.0,Ja,1.0,Næsten hver gang,0.0,"Jeg spiser både grønt, fisk og kød",0.0,0,0.0,"Renovere sin bolig,Plukke kantareller,Se fodboldkampe med Liverpool i tv",0.0,35,0.0,jordbrugsøkonomi,0.0,"1,70",0.0,"Der bør være højere skat på flyrejser,Det skal være gratis at gå til tandlæge,Der bør ikke serveres kød på offentlige arbejdspladser og institutioner,Der stilles større krav til unge mennesker idag end før i tiden",0.0,5,10,2.0
Hold 01;,131286,Hsyl181815,2022-09-07 08:51:01 UTC,1,ja lidt,0.0,Ja det hele,1.0,Det har jeg ingen mening om,0.0,4,0.0,ja det vil være en stor fordel for mig,1.0,Jeg kan lave nogle simple beregninger i R,0.0,Ja,1.0,Næsten hver gang,0.0,"Jeg spiser både grønt, fisk og kød",0.0,12 timer,0.0,"Plukke kantareller,Køre på rulleski",0.0,25 minutter,0.0,bioteknologi,1.0,170cm,0.0,"Det skal være gratis at gå til tandlæge,Der stilles større krav til unge mennesker idag end før i tiden",0.0,7,8,4.0
Hold 06;,135009,Hsyl185051,2022-09-07 08:51:00 UTC,1,ja meget,1.0,Ja en del af informationen,0.0,Med,1.0,7,0.0,ja men jeg vil ikke se ret mange af videoerne,0.0,Jeg har styr på det meste fra tidligere kurser hvor jeg har brugt R,0.0,Ja,1.0,Hver gang,1.0,"Jeg spiser både grønt, fisk og kød",0.0,10 timer,0.0,"Renovere sin bolig,Plukke kantareller,Se fodboldkampe med Liverpool i tv",0.0,40 min,0.0,naturressourcer,0.0,173,0.0,"Der bør være højere skat på flyrejser,Ingen uddannelser må have et karakterkrav (gennemsnit) på over 9 som optagelseskrav,Det skal være gratis at gå til tandlæge",0.0,7,8,4.0
Hold 01;,131286,Hsyl181815,2022-09-07 08:51:00 UTC,1,hverken ja eller nej,0.0,Ja en del af informationen,0.0,Uden,0.0,02,0.0,ja men jeg vil ikke se ret mange af videoerne,0.0,Jeg har brugt R før men kan intet huske,0.0,Ja,1.0,Næsten hver gang,0.0,Jeg spiser både grønt og fisk men ikke kød,0.0,14 timer,0.0,"Plukke kantareller,Se fodboldkampe med Liverpool i tv",0.0,45min,0.0,husdyrvidenskab,0.0,168,0.0,"Det skal være gratis at gå til tandlæge,Der stilles større krav til unge mennesker idag end før i tiden",0.0,4,11,1.0
Hold 02;,135004,Hsyl185047,2022-09-07 08:50:59 UTC,1,ja meget,1.0,Ja en del af informationen,0.0,Uden,0.0,4,0.0,ja det vil være en stor fordel for mig,1.0,Jeg har brugt R før men kan intet huske,0.0,Ja,1.0,Hver gang,1.0,Jeg spiser både grønt og fisk men ikke kød,0.0,15 timer,0.0,"Renovere sin bolig,Klatre i træer,Se fodboldkampe med Liverpool i tv",0.0,35,0.0,jordbrugsøkonomi,0.0,165,0.0,"Der bør være højere skat på flyrejser,Ingen uddannelser må have et karakterkrav (gennemsnit) på over 9 som optagelseskrav,Det skal være gratis at gå til tandlæge,Der bør ikke serveres kød på offentlige arbejdspladser og institutioner",0.0,7,8,4.0
Hold 05;,135008,Hsyl185050,2022-09-07 08:50:55 UTC,1,ja lidt,0.0,Ja en del af informationen,0.0,Uden,0.0,7,0.0,ja det vil være en stor fordel for mig,1.0,Jeg har brugt R før men kan intet huske,0.0,Ja,1.0,Hver gang,1.0,Jeg spiser både grønt og fisk men ikke kød,0.0,4,0.0,Køre på rulleski,0.0,45 min.,0.0,husdyrvidenskab,0.0,160,0.0,Det skal være gratis at gå til tandlæge,0.0,6,9,3.0
Hold 05;,135008,Hsyl185050,2022-09-07 08:50:54 UTC,1,ja lidt,0.0,Ja det hele,1.0,Uden,0.0,7,0.0,ja det vil være en stor fordel for mig,1.0,Jeg kan lave nogle simple beregninger i R,0.0,Ja,1.0,Hver gang,1.0,"Jeg spiser både grønt, fisk og kød",0.0,0,0.0,"Plukke kantareller,Køre på rulleski,Se fodboldkampe med Liverpool i tv",0.0,45 minutter ,0.0,husdyrvidenskab,0.0,170 cm,0.0,"Ingen uddannelser må have et karakterkrav (gennemsnit) på over 9 som optagelseskrav,Det skal være gratis at gå til tandlæge",0.0,7,8,4.0
Hold 04;,135006,Hsyl185049,2022-09-07 08:50:53 UTC,1,ja lidt,0.0,Ja det hele,1.0,Det har jeg ingen mening om,0.0,7,0.0,ja det vil være en stor fordel for mig,1.0,Jeg kan lave nogle simple beregninger i R,0.0,Ja,1.0,Hver gang,1.0,Jeg er veganer eller vegetar,1.0,10-12,0.0,"Renovere sin bolig,Køre på rulleski,Se fodboldkampe med Liverpool i tv",0.0,ca 30-40 min intervaller,0.0,naturressourcer,0.0,Ca 170 cm,0.0,"Der bør være højere skat på flyrejser,Det skal være gratis at gå til tandlæge",0.0,8,7,5.0
Hold 01;,131286,Hsyl181815,2022-09-07 08:50:50 UTC,1,hverken ja eller nej,0.0,Ja det hele,1.0,Uden,0.0,7,0.0,ja det vil være en stor fordel for mig,1.0,Jeg har brugt R før men kan intet huske,0.0,Ja,1.0,Næsten hver gang,0.0,"Jeg spiser både grønt, fisk og kød",0.0,10-12 timer,0.0,"Renovere sin bolig,Se fodboldkampe med Liverpool i tv",0.0,35,0.0,bioteknologi,1.0,175 cm,0.0,Det skal være gratis at gå til tandlæge,0.0,7,8,4.0
Hold 05;,135008,Hsyl185050,2022-09-07 08:50:47 UTC,1,ja lidt,0.0,Ja en del af informationen,0.0,Uden,0.0,10,0.0,ja men jeg vil ikke se ret mange af videoerne,0.0,Jeg har styr på det meste fra tidligere kurser hvor jeg har brugt R,0.0,Nej,0.0,Næsten hver gang,0.0,"Jeg spiser både grønt, fisk og kød",0.0,25 timer,0.0,"Renovere sin bolig,Klatre i træer,Plukke kantareller,Se fodboldkampe med Liverpool i tv",0.0,45 minuter uden pauser,0.0,jordbrugsøkonomi,0.0,166,0.0,"Der bør være højere skat på flyrejser,Det skal være gratis at gå til tandlæge",0.0,3,12,0.0
Hold 05;,135008,Hsyl185050,2022-09-07 08:50:47 UTC,1,ja lidt,0.0,Nej slet ikke,0.0,Uden,0.0,7,0.0,ja men jeg vil ikke se ret mange af videoerne,0.0,Jeg kan lave nogle simple beregninger i R,0.0,Ja,1.0,Hver gang,1.0,"Jeg spiser både grønt, fisk og kød",0.0,0,0.0,"Klatre i træer,Plukke kantareller,Se fodboldkampe med Liverpool i tv",0.0,45,0.0,bioteknologi,1.0,180,0.0,Der bør være lavere skat på arbejde,0.0,6,9,3.0
Hold 03;,135005,Hsyl185048,2022-09-07 08:50:46 UTC,1,ja lidt,0.0,Ja en del af informationen,0.0,Uden,0.0,4,0.0,ja men jeg vil ikke se ret mange af videoerne,0.0,Jeg har brugt R før men kan intet huske,0.0,Ja,1.0,Hver gang,1.0,"Jeg spiser både grønt, fisk og kød",0.0,10,0.0,"Klatre i træer,Plukke kantareller,Køre på rulleski",0.0,40,0.0,jordbrugsøkonomi,0.0,170,0.0,"Der bør være højere skat på flyrejser,Ingen uddannelser må have et karakterkrav (gennemsnit) på over 9 som optagelseskrav,Det skal være gratis at gå til tandlæge,Der bør ikke serveres kød på offentlige arbejdspladser og institutioner,Der stilles større krav til unge mennesker idag end før i tiden",0.0,5,10,2.0
Hold 05;,135008,Hsyl185050,2022-09-07 08:50:45 UTC,1,hverken ja eller nej,0.0,Ja en del af informationen,0.0,Det har jeg ingen mening om,0.0,4,0.0,ja det vil være en stor fordel for mig,1.0,Jeg har brugt R før men kan intet huske,0.0,Ja,1.0,Hver gang,1.0,"Jeg spiser både grønt, fisk og kød",0.0,0,0.0,Køre på rulleski,0.0,30,0.0,naturressourcer,0.0,175,0.0,Det skal være gratis at gå til tandlæge,0.0,6,9,3.0
Hold 06;,135009,Hsyl185051,2022-09-07 08:50:45 UTC,1,ja lidt,0.0,Ja en del af informationen,0.0,Med,1.0,4,0.0,ja men jeg vil ikke se ret mange af videoerne,0.0,Jeg har brugt R før men kan intet huske,0.0,Det ved jeg ikke,0.0,Hver gang,1.0,"Jeg spiser både grønt, fisk og kød",0.0,16,0.0,"Renovere sin bolig,Plukke kantareller,Se fodboldkampe med Liverpool i tv",0.0,45,0.0,naturressourcer,0.0,174,0.0,"",0.0,5,10,2.0
Hold 06;,135009,Hsyl185051,2022-09-07 08:50:43 UTC,1,hverken ja eller nej,0.0,Ja en del af informationen,0.0,Med,1.0,7,0.0,ja men jeg vil ikke se ret mange af videoerne,0.0,Jeg kan lave nogle simple beregninger i R,0.0,Det ved jeg ikke,0.0,Hver gang,1.0,"Jeg spiser både grønt, fisk og kød",0.0,0,0.0,"Renovere sin bolig,Klatre i træer,Se fodboldkampe med Liverpool i tv",0.0,45-50 min,0.0,bioteknologi,1.0,173,0.0,"Der bør være højere skat på flyrejser,Det skal være gratis at gå til tandlæge,Der stilles større krav til unge mennesker idag end før i tiden",0.0,6,9,3.0
Hold 02;,135004,Hsyl185047,2022-09-07 08:50:42 UTC,1,nej,0.0,Ja en del af informationen,0.0,Med,1.0,7,0.0,ja men jeg vil ikke se ret mange af videoerne,0.0,Jeg kan lave nogle simple beregninger i R,0.0,Ja,1.0,Næsten hver gang,0.0,"Jeg spiser både grønt, fisk og kød",0.0,4,0.0,Se fodboldkampe med Liverpool i tv,0.0,50 - 60 min.,0.0,jordbrugsøkonomi,0.0,165 cm,0.0,"Ingen uddannelser må have et karakterkrav (gennemsnit) på over 9 som optagelseskrav,Der stilles større krav til unge mennesker idag end før i tiden",0.0,5,10,2.0
Hold 02;,135004,Hsyl185047,2022-09-07 08:50:42 UTC,1,hverken ja eller nej,0.0,Ja en del af informationen,0.0,Med,1.0,7,0.0,ja men jeg vil ikke se ret mange af videoerne,0.0,Jeg kan lave nogle simple beregninger i R,0.0,Nej,0.0,Halvdelen af gangene (ca. 1 gang om ugen),0.0,Jeg er veganer eller vegetar,1.0,15,0.0,"Plukke kantareller,Køre på rulleski",0.0,30,0.0,husdyrvidenskab,0.0,167,0.0,"Ingen uddannelser må have et karakterkrav (gennemsnit) på over 9 som optagelseskrav,Det skal være gratis at gå til tandlæge,Der bør ikke serveres kød på offentlige arbejdspladser og institutioner",0.0,5,10,2.0
Hold 04;,135006,Hsyl185049,2022-09-07 08:50:38 UTC,1,ja lidt,0.0,Ja en del af informationen,0.0,Uden,0.0,4,0.0,ja det vil være en stor fordel for mig,1.0,Jeg kan lave nogle simple beregninger i R,0.0,Ja,1.0,Næsten hver gang,0.0,"Jeg spiser både grønt, fisk og kød",0.0,12 timer om ugen ,0.0,"Klatre i træer,Køre på rulleski,Se fodboldkampe med Liverpool i tv",0.0,30 minutter,0.0,jordbrugsøkonomi,0.0,173,0.0,"Det skal være gratis at gå til tandlæge,Der stilles større krav til unge mennesker idag end før i tiden",0.0,5,10,2.0
Hold 02;,135004,Hsyl185047,2022-09-07 08:50:38 UTC,1,ja lidt,0.0,Ja det hele,1.0,Det har jeg ingen mening om,0.0,4,0.0,ja det vil være en stor fordel for mig,1.0,Jeg kan lave nogle simple beregninger i R,0.0,Ja,1.0,Hver gang,1.0,"Jeg spiser både grønt, fisk og kød",0.0,10-15 timer om ugen,0.0,Køre på rulleski,0.0,50 min,0.0,jordbrugsøkonomi,0.0,190,0.0,"Der bør være lavere skat på arbejde,Ingen uddannelser må have et karakterkrav (gennemsnit) på over 9 som optagelseskrav",0.0,7,8,4.0
Hold 03;,135005,Hsyl185048,2022-09-07 08:50:38 UTC,1,hverken ja eller nej,0.0,Ja det hele,1.0,Uden,0.0,10,0.0,ja det vil være en stor fordel for mig,1.0,Jeg kan lave nogle simple beregninger i R,0.0,Ja,1.0,Næsten hver gang,0.0,"Jeg spiser både grønt, fisk og kød",0.0,3 timer,0.0,Plukke kantareller,0.0,30 min,0.0,bioteknologi,1.0,204 cm,0.0,"Der bør være højere skat på flyrejser,Der bør være lavere skat på arbejde,Ingen uddannelser må have et karakterkrav (gennemsnit) på over 9 som optagelseskrav",0.0,7,8,4.0
Hold 01;,131286,Hsyl181815,2022-09-07 08:50:37 UTC,1,ja lidt,0.0,Ja det hele,1.0,Det har jeg ingen mening om,0.0,7,0.0,ja det vil være en stor fordel for mig,1.0,Jeg har styr på det meste fra tidligere kurser hvor jeg har brugt R,0.0,Ja,1.0,Hver gang,1.0,"Jeg spiser både grønt, fisk og kød",0.0,0-10 timer,0.0,"Renovere sin bolig,Se fodboldkampe med Liverpool i tv",0.0,30-45 minutter,0.0,bioteknologi,1.0,180cm,0.0,"Der bør være lavere skat på arbejde,Det skal være gratis at gå til tandlæge,Der stilles større krav til unge mennesker idag end før i tiden",0.0,8,7,5.0
Hold 01;,131286,Hsyl181815,2022-09-07 08:50:35 UTC,1,hverken ja eller nej,0.0,Ja en del af informationen,0.0,Uden,0.0,7,0.0,ja men jeg vil ikke se ret mange af videoerne,0.0,Jeg kan lave nogle simple beregninger i R,0.0,Ja,1.0,Hver gang,1.0,"Jeg spiser både grønt, fisk og kød",0.0,6,0.0,"Plukke kantareller,Køre på rulleski,Se fodboldkampe med Liverpool i tv",0.0,40,0.0,bioteknologi,1.0,170,0.0,"Det skal være gratis at gå til tandlæge,Der stilles større krav til unge mennesker idag end før i tiden",0.0,6,9,3.0
Hold 04;,135006,Hsyl185049,2022-09-07 08:50:34 UTC,1,nej,0.0,Ja en del af informationen,0.0,Uden,0.0,4,0.0,ja det vil være en stor fordel for mig,1.0,Jeg har brugt R før men kan intet huske,0.0,Det ved jeg ikke,0.0,Hver gang,1.0,Jeg er veganer eller vegetar,1.0,15,0.0,Plukke kantareller,0.0,max 45,0.0,naturressourcer,0.0,183,0.0,"Der bør være højere skat på flyrejser,Det skal være gratis at gå til tandlæge,Der bør ikke serveres kød på offentlige arbejdspladser og institutioner",0.0,6,9,3.0
Hold 05;,135008,Hsyl185050,2022-09-07 08:50:32 UTC,1,ja meget,1.0,Ja en del af informationen,0.0,Uden,0.0,10,0.0,ja det vil være en stor fordel for mig,1.0,Jeg kan lave nogle simple beregninger i R,0.0,Ja,1.0,Næsten hver gang,0.0,"Jeg spiser både grønt, fisk og kød",0.0,0,0.0,"Renovere sin bolig,Plukke kantareller,Se fodboldkampe med Liverpool i tv",0.0,60,0.0,bioteknologi,1.0,198,0.0,"Det skal være gratis at gå til tandlæge,Der stilles større krav til unge mennesker idag end før i tiden",0.0,7,8,4.0
Hold 05;,135008,Hsyl185050,2022-09-07 08:50:31 UTC,1,ja lidt,0.0,Ja en del af informationen,0.0,Uden,0.0,7,0.0,ja det vil være en stor fordel for mig,1.0,Jeg kan lave nogle simple beregninger i R,0.0,Ja,1.0,Hver gang,1.0,"Jeg spiser både grønt, fisk og kød",0.0,0,0.0,"Plukke kantareller,Se fodboldkampe med Liverpool i tv",0.0,40 min,0.0,husdyrvidenskab,0.0,172,0.0,"Ingen uddannelser må have et karakterkrav (gennemsnit) på over 9 som optagelseskrav,Det skal være gratis at gå til tandlæge,Der stilles større krav til unge mennesker idag end før i tiden",0.0,6,9,3.0
Hold 01;,131286,Hsyl181815,2022-09-07 08:50:31 UTC,1,ja meget,1.0,Ja en del af informationen,0.0,Uden,0.0,7,0.0,ja det vil være en stor fordel for mig,1.0,Jeg kan lave nogle simple beregninger i R,0.0,Det ved jeg ikke,0.0,Næsten hver gang,0.0,"Jeg spiser både grønt, fisk og kød",0.0,"7,5",0.0,"Klatre i træer,Plukke kantareller",0.0,45 min,0.0,naturressourcer,0.0,175,0.0,"Der bør være højere skat på flyrejser,Der stilles større krav til unge mennesker idag end før i tiden",0.0,5,10,2.0
Hold 04;,135006,Hsyl185049,2022-09-07 08:50:31 UTC,1,ja lidt,0.0,Ja det hele,1.0,Det har jeg ingen mening om,0.0,10,0.0,ja men jeg vil ikke se ret mange af videoerne,0.0,Jeg har styr på det meste fra tidligere kurser hvor jeg har brugt R,0.0,Ja,1.0,Hver gang,1.0,Jeg spiser både grønt og fisk men ikke kød,0.0,8,0.0,"Renovere sin bolig,Hækle,Køre på rulleski",0.0,45,0.0,bioteknologi,1.0,168,0.0,"Der bør være højere skat på flyrejser,Det skal være gratis at gå til tandlæge,Der bør ikke serveres kød på offentlige arbejdspladser og institutioner",0.0,7,8,4.0
Hold 03;,135005,Hsyl185048,2022-09-07 08:50:26 UTC,1,ja lidt,0.0,Ja en del af informationen,0.0,Med,1.0,7,0.0,ja det vil være en stor fordel for mig,1.0,Jeg kan lave nogle simple beregninger i R,0.0,Nej,0.0,Hver gang,1.0,"Jeg spiser både grønt, fisk og kød",0.0,8 timer,0.0,"Renovere sin bolig,Køre på rulleski,Se fodboldkampe med Liverpool i tv",0.0,45 min,0.0,naturressourcer,0.0,166 cm,0.0,"Der bør være højere skat på flyrejser,Der bør være lavere skat på arbejde,Ingen uddannelser må have et karakterkrav (gennemsnit) på over 9 som optagelseskrav,Det skal være gratis at gå til tandlæge,Der bør ikke serveres kød på offentlige arbejdspladser og institutioner,Der stilles større krav til unge mennesker idag end før i tiden",0.0,6,9,3.0
Hold 04;,135006,Hsyl185049,2022-09-07 08:50:26 UTC,1,ja lidt,0.0,Ja en del af informationen,0.0,Uden,0.0,02,0.0,ja det vil være en stor fordel for mig,1.0,Jeg kan lave nogle simple beregninger i R,0.0,Ja,1.0,Halvdelen af gangene (ca. 1 gang om ugen),0.0,"Jeg spiser både grønt, fisk og kød",0.0,15-20 timer,0.0,"Plukke kantareller,Se fodboldkampe med Liverpool i tv",0.0,45 minutter,0.0,bioteknologi,1.0,170 cm,0.0,"Der bør være lavere skat på arbejde,Ingen uddannelser må have et karakterkrav (gennemsnit) på over 9 som optagelseskrav,Det skal være gratis at gå til tandlæge,Der stilles større krav til unge mennesker idag end før i tiden",0.0,6,9,3.0
Hold 03;,135005,Hsyl185048,2022-09-07 08:50:26 UTC,1,ja lidt,0.0,Ja en del af informationen,0.0,Med,1.0,7,0.0,ja men jeg vil ikke se ret mange af videoerne,0.0,Jeg har brugt R før men kan intet huske,0.0,Ja,1.0,Halvdelen af gangene (ca. 1 gang om ugen),0.0,Jeg er veganer eller vegetar,1.0,0,0.0,"Renovere sin bolig,Se fodboldkampe med Liverpool i tv",0.0,45,0.0,naturressourcer,0.0,180,0.0,"Der bør være højere skat på flyrejser,Ingen uddannelser må have et karakterkrav (gennemsnit) på over 9 som optagelseskrav,Det skal være gratis at gå til tandlæge,Der bør ikke serveres kød på offentlige arbejdspladser og institutioner",0.0,6,9,3.0
Hold 04;,135006,Hsyl185049,2022-09-07 08:50:22 UTC,1,hverken ja eller nej,0.0,Ja en del af informationen,0.0,Uden,0.0,4,0.0,ja det vil være en stor fordel for mig,1.0,Jeg kan lave nogle simple beregninger i R,0.0,Det ved jeg ikke,0.0,Næsten hver gang,0.0,"Jeg spiser både grønt, fisk og kød",0.0,4,0.0,"Renovere sin bolig,Klatre i træer,Køre på rulleski",0.0,45 minutter,0.0,bioteknologi,1.0,150,0.0,"Der bør være højere skat på flyrejser,Det skal være gratis at gå til tandlæge,Der stilles større krav til unge mennesker idag end før i tiden",0.0,5,10,2.0
Hold 01;,131286,Hsyl181815,2022-09-07 08:50:21 UTC,1,ja lidt,0.0,Ja en del af informationen,0.0,Med,1.0,10,0.0,ja men jeg vil ikke se ret mange af videoerne,0.0,Jeg kan lave nogle simple beregninger i R,0.0,Ja,1.0,Hver gang,1.0,Jeg er veganer eller vegetar,1.0,12,0.0,"Køre på rulleski,Se fodboldkampe med Liverpool i tv",0.0,45,0.0,naturressourcer,0.0,176,0.0,"Der bør være højere skat på flyrejser,Det skal være gratis at gå til tandlæge,Der bør ikke serveres kød på offentlige arbejdspladser og institutioner",0.0,7,8,4.0
Hold 02;,135004,Hsyl185047,2022-09-07 08:50:20 UTC,1,ja meget,1.0,Ja det hele,1.0,Uden,0.0,Det ønsker jeg ikke at svare på,0.0,ja det vil være en stor fordel for mig,1.0,Jeg har brugt R før men kan intet huske,0.0,Ja,1.0,Næsten hver gang,0.0,"Jeg spiser både grønt, fisk og kød",0.0,10 timer ,0.0,Plukke kantareller,0.0,45,0.0,husdyrvidenskab,0.0,169,0.0,Ingen uddannelser må have et karakterkrav (gennemsnit) på over 9 som optagelseskrav,0.0,7,8,4.0
Hold 01;,131286,Hsyl181815,2022-09-07 08:50:18 UTC,1,ja lidt,0.0,Ja det hele,1.0,Med,1.0,7,0.0,ja men jeg vil ikke se ret mange af videoerne,0.0,Jeg har brugt R før men kan intet huske,0.0,Ja,1.0,Hver gang,1.0,"Jeg spiser både grønt, fisk og kød",0.0,10 timer,0.0,"Renovere sin bolig,Se fodboldkampe med Liverpool i tv",0.0,"",0.0,bioteknologi,1.0,159,0.0,Der stilles større krav til unge mennesker idag end før i tiden,0.0,8,7,5.0
Hold 02;,135004,Hsyl185047,2022-09-07 08:50:18 UTC,1,ja lidt,0.0,Ja en del af informationen,0.0,Med,1.0,12,1.0,nej det er lige meget,0.0,Jeg kan lave nogle simple beregninger i R,0.0,Ja,1.0,Hver gang,1.0,"Jeg spiser både grønt, fisk og kød",0.0,0,0.0,"Plukke kantareller,Se fodboldkampe med Liverpool i tv",0.0,45 minutter,0.0,bioteknologi,1.0,170,0.0,"",0.0,8,7,5.0
Hold 04;,135006,Hsyl185049,2022-09-07 08:50:16 UTC,1,hverken ja eller nej,0.0,Ja det hele,1.0,Uden,0.0,7,0.0,ja det vil være en stor fordel for mig,1.0,Jeg kan lave nogle simple beregninger i R,0.0,Ja,1.0,Hver gang,1.0,"Jeg spiser både grønt, fisk og kød",0.0,0,0.0,"Plukke kantareller,Køre på rulleski,Se fodboldkampe med Liverpool i tv",0.0,60,0.0,bioteknologi,1.0,183,0.0,"Der bør være lavere skat på arbejde,Det skal være gratis at gå til tandlæge,Der stilles større krav til unge mennesker idag end før i tiden",0.0,8,7,5.0
Hold 06;,135009,Hsyl185051,2022-09-07 08:50:15 UTC,1,ja meget,1.0,Ja en del af informationen,0.0,Med,1.0,4,0.0,ja men jeg vil ikke se ret mange af videoerne,0.0,Jeg har styr på det meste fra tidligere kurser hvor jeg har brugt R,0.0,Ja,1.0,Hver gang,1.0,"Jeg spiser både grønt, fisk og kød",0.0,Har ikke arbejde lol,0.0,"Renovere sin bolig,Se fodboldkampe med Liverpool i tv",0.0,30 min ca ,0.0,bioteknologi,1.0,181 - 183 afhængigt af om man kigger på mit pas,0.0,"Der bør være lavere skat på arbejde,Ingen uddannelser må have et karakterkrav (gennemsnit) på over 9 som optagelseskrav,Det skal være gratis at gå til tandlæge",0.0,8,7,5.0
Hold 03;,135005,Hsyl185048,2022-09-07 08:50:14 UTC,1,hverken ja eller nej,0.0,Ja en del af informationen,0.0,Det har jeg ingen mening om,0.0,7,0.0,ja men jeg vil ikke se ret mange af videoerne,0.0,Jeg kan lave nogle simple beregninger i R,0.0,Ja,1.0,Næsten hver gang,0.0,"Jeg spiser både grønt, fisk og kød",0.0,10 til 15 timer,0.0,Køre på rulleski,0.0,45 min,0.0,andet,0.0,192,0.0,Det skal være gratis at gå til tandlæge,0.0,4,11,1.0
Hold 05;,135008,Hsyl185050,2022-09-07 08:50:12 UTC,1,nej,0.0,Ja det hele,1.0,Uden,0.0,7,0.0,nej det er lige meget,0.0,Jeg kan lave nogle simple beregninger i R,0.0,Ja,1.0,Hver gang,1.0,"Jeg spiser både grønt, fisk og kød",0.0,10 timer,0.0,"Renovere sin bolig,Køre på rulleski,Se fodboldkampe med Liverpool i tv",0.0,45min,0.0,naturressourcer,0.0,176,0.0,"Der bør være højere skat på flyrejser,Ingen uddannelser må have et karakterkrav (gennemsnit) på over 9 som optagelseskrav,Det skal være gratis at gå til tandlæge,Der stilles større krav til unge mennesker idag end før i tiden",0.0,6,9,3.0
Hold 01;,131286,Hsyl181815,2022-09-07 08:50:11 UTC,1,nej,0.0,Ja en del af informationen,0.0,Med,1.0,4,0.0,ja det vil være en stor fordel for mig,1.0,Jeg kan lave nogle simple beregninger i R,0.0,Ja,1.0,Næsten hver gang,0.0,Jeg spiser både grønt og fisk men ikke kød,0.0,10,0.0,Køre på rulleski,0.0,45,0.0,naturressourcer,0.0,168,0.0,"Der bør være højere skat på flyrejser,Ingen uddannelser må have et karakterkrav (gennemsnit) på over 9 som optagelseskrav,Det skal være gratis at gå til tandlæge,Der bør ikke serveres kød på offentlige arbejdspladser og institutioner",0.0,6,9,3.0
Hold 01;,131286,Hsyl181815,2022-09-07 08:50:07 UTC,1,ja lidt,0.0,Ja det hele,1.0,Uden,0.0,7,0.0,ja men jeg vil ikke se ret mange af videoerne,0.0,Jeg har styr på det meste fra tidligere kurser hvor jeg har brugt R,0.0,Ja,1.0,Hver gang,1.0,"Jeg spiser både grønt, fisk og kød",0.0,8 timer hver skema fri fredag,0.0,"Køre på rulleski,Se fodboldkampe med Liverpool i tv",0.0,1 times tid men så skal det godt nok også være spændende :) ,0.0,bioteknologi,1.0,178,0.0,"Der bør være lavere skat på arbejde,Ingen uddannelser må have et karakterkrav (gennemsnit) på over 9 som optagelseskrav,Det skal være gratis at gå til tandlæge,Der stilles større krav til unge mennesker idag end før i tiden",0.0,7,8,4.0
Hold 03;,135005,Hsyl185048,2022-09-07 08:50:04 UTC,1,ja lidt,0.0,Ja en del af informationen,0.0,Det har jeg ingen mening om,0.0,12,1.0,nej det er lige meget,0.0,Jeg har styr på det meste fra tidligere kurser hvor jeg har brugt R,0.0,Ja,1.0,Næsten hver gang,0.0,"Jeg spiser både grønt, fisk og kød",0.0,"0 timer når jeg læser fuld tid

5 timer nu hvor jeg er gået på deltid",0.0,"Klatre i træer,Køre på rulleski,Se fodboldkampe med Liverpool i tv",0.0,60 minutter,0.0,naturressourcer,0.0,163 cm,0.0,"Der bør være højere skat på flyrejser,Det skal være gratis at gå til tandlæge,Der bør ikke serveres kød på offentlige arbejdspladser og institutioner,Der stilles større krav til unge mennesker idag end før i tiden",0.0,5,10,2.0
Hold 02;,135004,Hsyl185047,2022-09-07 08:50:03 UTC,1,nej,0.0,Ja en del af informationen,0.0,Uden,0.0,4,0.0,ja men jeg vil ikke se ret mange af videoerne,0.0,Jeg kan lave nogle simple beregninger i R,0.0,Ja,1.0,Hver gang,1.0,"Jeg spiser både grønt, fisk og kød",0.0,0,0.0,"Klatre i træer,Køre på rulleski",0.0,60 min,0.0,jordbrugsøkonomi,0.0,160,0.0,"Der bør være lavere skat på arbejde,Det skal være gratis at gå til tandlæge",0.0,5,10,2.0
Hold 04;,135006,Hsyl185049,2022-09-07 08:50:00 UTC,1,ja meget,1.0,Ja det hele,1.0,Uden,0.0,10,0.0,ja men jeg vil ikke se ret mange af videoerne,0.0,Jeg har styr på det meste fra tidligere kurser hvor jeg har brugt R,0.0,Ja,1.0,Næsten hver gang,0.0,Jeg spiser både grønt og fisk men ikke kød,0.0,10 ,0.0,"Renovere sin bolig,Køre på rulleski,Se fodboldkampe med Liverpool i tv",0.0,50,0.0,naturressourcer,0.0,172,0.0,"Der bør være højere skat på flyrejser,Ingen uddannelser må have et karakterkrav (gennemsnit) på over 9 som optagelseskrav,Det skal være gratis at gå til tandlæge,Der bør ikke serveres kød på offentlige arbejdspladser og institutioner,Der stilles større krav til unge mennesker idag end før i tiden",0.0,6,9,3.0
Hold 05;,135008,Hsyl185050,2022-09-07 08:49:58 UTC,1,hverken ja eller nej,0.0,Ja det hele,1.0,Med,1.0,10,0.0,ja men jeg vil ikke se ret mange af videoerne,0.0,Jeg har styr på det meste fra tidligere kurser hvor jeg har brugt R,0.0,Ja,1.0,Hver gang,1.0,"Jeg spiser både grønt, fisk og kød",0.0,10,0.0,"Renovere sin bolig,Klatre i træer,Køre på rulleski,Se fodboldkampe med Liverpool i tv",0.0,40,0.0,bioteknologi,1.0,189,0.0,Der bør være lavere skat på arbejde,0.0,8,7,5.0
Hold 05;,135008,Hsyl185050,2022-09-07 08:49:55 UTC,1,ja lidt,0.0,Ja det hele,1.0,Uden,0.0,4,0.0,ja det vil være en stor fordel for mig,1.0,Jeg har brugt R før men kan intet huske,0.0,Ja,1.0,Næsten hver gang,0.0,"Jeg spiser både grønt, fisk og kød",0.0,10 timer,0.0,"Hækle,Køre på rulleski,Se fodboldkampe med Liverpool i tv",0.0,30 min,0.0,bioteknologi,1.0,172,0.0,"Ingen uddannelser må have et karakterkrav (gennemsnit) på over 9 som optagelseskrav,Det skal være gratis at gå til tandlæge",0.0,7,8,4.0
Hold 03;,135005,Hsyl185048,2022-09-07 08:49:50 UTC,1,hverken ja eller nej,0.0,Nej slet ikke,0.0,Med,1.0,4,0.0,ja det vil være en stor fordel for mig,1.0,Jeg bruger jævnligt R til at løse forskellige opgaver,0.0,Det ved jeg ikke,0.0,Næsten hver gang,0.0,Jeg spiser både grønt og fisk men ikke kød,0.0,25,0.0,Køre på rulleski,0.0,45,0.0,bioteknologi,1.0,173,0.0,"Der bør være højere skat på flyrejser,Der bør være lavere skat på arbejde,Ingen uddannelser må have et karakterkrav (gennemsnit) på over 9 som optagelseskrav,Det skal være gratis at gå til tandlæge,Der bør ikke serveres kød på offentlige arbejdspladser og institutioner,Der stilles større krav til unge mennesker idag end før i tiden",0.0,6,9,3.0
Hold 04;,135006,Hsyl185049,2022-09-07 08:49:49 UTC,1,ja lidt,0.0,Ja en del af informationen,0.0,Uden,0.0,4,0.0,ja det vil være en stor fordel for mig,1.0,Jeg kan lave nogle simple beregninger i R,0.0,Ja,1.0,Næsten hver gang,0.0,"Jeg spiser både grønt, fisk og kød",0.0,16 timer,0.0,"Renovere sin bolig,Se fodboldkampe med Liverpool i tv",0.0,40,0.0,jordbrugsøkonomi,0.0,169,0.0,Det skal være gratis at gå til tandlæge,0.0,5,10,2.0
Hold 05;,135008,Hsyl185050,2022-09-07 08:49:46 UTC,1,ja meget,1.0,Ja det hele,1.0,Uden,0.0,10,0.0,ja det vil være en stor fordel for mig,1.0,Jeg har styr på det meste fra tidligere kurser hvor jeg har brugt R,0.0,Ja,1.0,Halvdelen af gangene (ca. 1 gang om ugen),0.0,"Jeg spiser både grønt, fisk og kød",0.0,15,0.0,"Køre på rulleski,Se fodboldkampe med Liverpool i tv",0.0,50,0.0,naturressourcer,0.0,193,0.0,"Der bør være lavere skat på arbejde,Der stilles større krav til unge mennesker idag end før i tiden",0.0,7,8,4.0
Hold 06;,135009,Hsyl185051,2022-09-07 08:49:46 UTC,1,hverken ja eller nej,0.0,Ja en del af informationen,0.0,Uden,0.0,10,0.0,ja det vil være en stor fordel for mig,1.0,Jeg kan lave nogle simple beregninger i R,0.0,Ja,1.0,Næsten hver gang,0.0,Jeg er veganer eller vegetar,1.0,12-15 timer,0.0,"Renovere sin bolig,Se fodboldkampe med Liverpool i tv",0.0,60 minutter,0.0,naturressourcer,0.0,188 cm,0.0,"Der bør være højere skat på flyrejser,Det skal være gratis at gå til tandlæge,Der bør ikke serveres kød på offentlige arbejdspladser og institutioner,Der stilles større krav til unge mennesker idag end før i tiden",0.0,6,9,3.0
Hold 01;,131286,Hsyl181815,2022-09-07 08:49:45 UTC,1,ja meget,1.0,Ja en del af informationen,0.0,Uden,0.0,7,0.0,ja det vil være en stor fordel for mig,1.0,Jeg har brugt R før men kan intet huske,0.0,Ja,1.0,Næsten hver gang,0.0,"Jeg spiser både grønt, fisk og kød",0.0,"25-30 timer, så ret meget",0.0,Se fodboldkampe med Liverpool i tv,0.0,1 1/2 time,0.0,jordbrugsøkonomi,0.0,171,0.0,"Der bør være lavere skat på arbejde,Det skal være gratis at gå til tandlæge",0.0,6,9,3.0
Hold 06;,135009,Hsyl185051,2022-09-07 08:49:38 UTC,1,ja lidt,0.0,Ja en del af informationen,0.0,Uden,0.0,4,0.0,ja det vil være en stor fordel for mig,1.0,Jeg har styr på det meste fra tidligere kurser hvor jeg har brugt R,0.0,Ja,1.0,Hver gang,1.0,Jeg er veganer eller vegetar,1.0,8-10,0.0,"Plukke kantareller,Se fodboldkampe med Liverpool i tv",0.0,45 minutter,0.0,husdyrvidenskab,0.0,182,0.0,"Der bør være højere skat på flyrejser,Det skal være gratis at gå til tandlæge,Der stilles større krav til unge mennesker idag end før i tiden",0.0,7,8,4.0
Hold 06;,135009,Hsyl185051,2022-09-07 08:49:37 UTC,1,hverken ja eller nej,0.0,Nej slet ikke,0.0,Uden,0.0,7,0.0,ja det vil være en stor fordel for mig,1.0,Jeg kan lave nogle simple beregninger i R,0.0,Det ved jeg ikke,0.0,Halvdelen af gangene (ca. 1 gang om ugen),0.0,"Jeg spiser både grønt, fisk og kød",0.0,20,0.0,"Klatre i træer,Plukke kantareller",0.0,45,0.0,jordbrugsøkonomi,0.0,219,0.0,"Der bør være højere skat på flyrejser,Der bør være lavere skat på arbejde,Det skal være gratis at gå til tandlæge",0.0,4,11,1.0
Hold 04;,135006,Hsyl185049,2022-09-07 08:49:36 UTC,1,hverken ja eller nej,0.0,Ja en del af informationen,0.0,Uden,0.0,4,0.0,ja men jeg vil ikke se ret mange af videoerne,0.0,Jeg kan lave nogle simple beregninger i R,0.0,Det ved jeg ikke,0.0,Hver gang,1.0,"Jeg spiser både grønt, fisk og kød",0.0,0,0.0,"Renovere sin bolig,Hækle,Klatre i træer,Plukke kantareller,Køre på rulleski,Se fodboldkampe med Liverpool i tv",0.0,En hel dag hvis nødvendigt,0.0,bioteknologi,1.0,185,0.0,"Der bør være højere skat på flyrejser,Der bør være lavere skat på arbejde,Ingen uddannelser må have et karakterkrav (gennemsnit) på over 9 som optagelseskrav,Der stilles større krav til unge mennesker idag end før i tiden",0.0,5,10,2.0
Hold 05;,135008,Hsyl185050,2022-09-07 08:49:33 UTC,1,ja lidt,0.0,Ja en del af informationen,0.0,Uden,0.0,7,0.0,ja det vil være en stor fordel for mig,1.0,Jeg kan lave nogle simple beregninger i R,0.0,Ja,1.0,Hver gang,1.0,"Jeg spiser både grønt, fisk og kød",0.0,Arbejder kun i weekenderne men ca. 10 timer,0.0,Se fodboldkampe med Liverpool i tv,0.0,"ca. 45 min 

 ",0.0,bioteknologi,1.0,182 cm. ,0.0,Det skal være gratis at gå til tandlæge,0.0,7,8,4.0
Hold 04;,135006,Hsyl185049,2022-09-07 08:49:30 UTC,1,nej,0.0,Ja det hele,1.0,Med,1.0,7,0.0,ja det vil være en stor fordel for mig,1.0,Jeg kan lave nogle simple beregninger i R,0.0,Ja,1.0,Næsten hver gang,0.0,Jeg er veganer eller vegetar,1.0,10,0.0,"Renovere sin bolig,Se fodboldkampe med Liverpool i tv",0.0,45,0.0,naturressourcer,0.0,184,0.0,"Der bør være højere skat på flyrejser,Ingen uddannelser må have et karakterkrav (gennemsnit) på over 9 som optagelseskrav,Det skal være gratis at gå til tandlæge,Der bør ikke serveres kød på offentlige arbejdspladser og institutioner",0.0,8,7,5.0
Hold 04;,135006,Hsyl185049,2022-09-07 08:49:29 UTC,1,ja lidt,0.0,Ja det hele,1.0,Uden,0.0,7,0.0,ja det vil være en stor fordel for mig,1.0,Jeg kan lave nogle simple beregninger i R,0.0,Ja,1.0,Hver gang,1.0,Jeg spiser både grønt og fisk men ikke kød,0.0,8,0.0,"Klatre i træer,Plukke kantareller,Se fodboldkampe med Liverpool i tv",0.0,en time,0.0,bioteknologi,1.0,178,0.0,"Ingen uddannelser må have et karakterkrav (gennemsnit) på over 9 som optagelseskrav,Det skal være gratis at gå til tandlæge",0.0,8,7,5.0
Hold 04;,135006,Hsyl185049,2022-09-07 08:49:29 UTC,1,ja lidt,0.0,Ja en del af informationen,0.0,Uden,0.0,12,1.0,ja det vil være en stor fordel for mig,1.0,Jeg kan lave nogle simple beregninger i R,0.0,Ja,1.0,Hver gang,1.0,Jeg spiser både grønt og fisk men ikke kød,0.0,2,0.0,"Renovere sin bolig,Klatre i træer",0.0,"1 time

 ",0.0,bioteknologi,1.0,172,0.0,Det skal være gratis at gå til tandlæge,0.0,8,7,5.0
Hold 05;,135008,Hsyl185050,2022-09-07 08:49:28 UTC,1,ja meget,1.0,Ja en del af informationen,0.0,Uden,0.0,12,1.0,ja det vil være en stor fordel for mig,1.0,Jeg har styr på det meste fra tidligere kurser hvor jeg har brugt R,0.0,Ja,1.0,Næsten hver gang,0.0,"Jeg spiser både grønt, fisk og kød",0.0,0,0.0,"Renovere sin bolig,Klatre i træer,Se fodboldkampe med Liverpool i tv",0.0,30,0.0,bioteknologi,1.0,183,0.0,Det skal være gratis at gå til tandlæge,0.0,8,7,5.0
Hold 05;,135008,Hsyl185050,2022-09-07 08:49:25 UTC,1,ja meget,1.0,Ja en del af informationen,0.0,Uden,0.0,10,0.0,ja men jeg vil ikke se ret mange af videoerne,0.0,Jeg har styr på det meste fra tidligere kurser hvor jeg har brugt R,0.0,Ja,1.0,Næsten hver gang,0.0,"Jeg spiser både grønt, fisk og kød",0.0,0,0.0,Hækle,0.0,150,0.0,bioteknologi,1.0,180(?),0.0,"Det skal være gratis at gå til tandlæge,",0.0,6,9,3.0
Hold 04;,135006,Hsyl185049,2022-09-07 08:49:23 UTC,1,hverken ja eller nej,0.0,Ja en del af informationen,0.0,Uden,0.0,4,0.0,ja det vil være en stor fordel for mig,1.0,Jeg kan lave nogle simple beregninger i R,0.0,Ja,1.0,Hver gang,1.0,"Jeg spiser både grønt, fisk og kød",0.0,20,0.0,"Plukke kantareller,Se fodboldkampe med Liverpool i tv",0.0,40,0.0,jordbrugsøkonomi,0.0,184,0.0,Det skal være gratis at gå til tandlæge,0.0,6,9,3.0
Hold 05;,135008,Hsyl185050,2022-09-07 08:49:17 UTC,1,ja lidt,0.0,Ja en del af informationen,0.0,Uden,0.0,10,0.0,ja det vil være en stor fordel for mig,1.0,Jeg har styr på det meste fra tidligere kurser hvor jeg har brugt R,0.0,Ja,1.0,Næsten hver gang,0.0,Jeg er veganer eller vegetar,1.0,12,0.0,Se fodboldkampe med Liverpool i tv,0.0,45,0.0,husdyrvidenskab,0.0,174,0.0,Der bør ikke serveres kød på offentlige arbejdspladser og institutioner,0.0,6,9,3.0
Hold 03;,135005,Hsyl185048,2022-09-07 08:49:16 UTC,1,ja meget,1.0,Nej slet ikke,0.0,Uden,0.0,7,0.0,ja men jeg vil ikke se ret mange af videoerne,0.0,Jeg kan lave nogle simple beregninger i R,0.0,Det ved jeg ikke,0.0,Hver gang,1.0,"Jeg spiser både grønt, fisk og kød",0.0,0 timer,0.0,"Renovere sin bolig,Køre på rulleski",0.0,har ikke testet det af,0.0,husdyrvidenskab,0.0,189 cm,0.0,Det skal være gratis at gå til tandlæge,0.0,5,10,2.0
Hold 02;,135004,Hsyl185047,2022-09-07 08:49:15 UTC,1,ja lidt,0.0,Ja det hele,1.0,Med,1.0,7,0.0,ja det vil være en stor fordel for mig,1.0,Jeg kan lave nogle simple beregninger i R,0.0,Ja,1.0,Næsten hver gang,0.0,Jeg spiser både grønt og fisk men ikke kød,0.0,12,0.0,"Renovere sin bolig,Plukke kantareller,Se fodboldkampe med Liverpool i tv",0.0,27,0.0,bioteknologi,1.0,156,0.0,"Der bør være højere skat på flyrejser,Det skal være gratis at gå til tandlæge,Der bør ikke serveres kød på offentlige arbejdspladser og institutioner,Der stilles større krav til unge mennesker idag end før i tiden",0.0,8,7,5.0
Hold 02;,135004,Hsyl185047,2022-09-07 08:49:11 UTC,1,hverken ja eller nej,0.0,Ja en del af informationen,0.0,Uden,0.0,4,0.0,ja det vil være en stor fordel for mig,1.0,Jeg kan lave nogle simple beregninger i R,0.0,Nej,0.0,Næsten hver gang,0.0,"Jeg spiser både grønt, fisk og kød",0.0,13,0.0,Se fodboldkampe med Liverpool i tv,0.0,40,0.0,jordbrugsøkonomi,0.0,194,0.0,"Der bør være lavere skat på arbejde,Det skal være gratis at gå til tandlæge",0.0,4,11,1.0
Hold 06;,135009,Hsyl185051,2022-09-07 08:49:09 UTC,1,ja lidt,0.0,Nej slet ikke,0.0,Uden,0.0,7,0.0,ja men jeg vil ikke se ret mange af videoerne,0.0,Jeg har brugt R før men kan intet huske,0.0,Det ved jeg ikke,0.0,Næsten hver gang,0.0,"Jeg spiser både grønt, fisk og kød",0.0,15 timer ,0.0,"Renovere sin bolig,Plukke kantareller,Se fodboldkampe med Liverpool i tv",0.0,75%,0.0,jordbrugsøkonomi,0.0,183,0.0,"Der bør være højere skat på flyrejser,Det skal være gratis at gå til tandlæge",0.0,3,12,0.0
Hold 05;,135008,Hsyl185050,2022-09-07 08:49:07 UTC,1,ja lidt,0.0,Ja det hele,1.0,Med,1.0,7,0.0,ja men jeg vil ikke se ret mange af videoerne,0.0,Jeg har styr på det meste fra tidligere kurser hvor jeg har brugt R,0.0,Ja,1.0,Næsten hver gang,0.0,"Jeg spiser både grønt, fisk og kød",0.0,12-14 timer,0.0,"Hækle,Plukke kantareller,Køre på rulleski,Se fodboldkampe med Liverpool i tv",0.0,25 min,0.0,bioteknologi,1.0,181cm,0.0,"Der bør være højere skat på flyrejser,Der stilles større krav til unge mennesker idag end før i tiden",0.0,7,8,4.0
Hold 02;,135004,Hsyl185047,2022-09-07 08:49:06 UTC,1,ja lidt,0.0,Ja en del af informationen,0.0,Uden,0.0,7,0.0,ja det vil være en stor fordel for mig,1.0,Jeg kan lave nogle simple beregninger i R,0.0,Ja,1.0,Hver gang,1.0,Jeg er veganer eller vegetar,1.0,"Jeg er lige kommet til DK, så 0. Forhåbentligt flere snart. ",0.0,"Renovere sin bolig,Køre på rulleski",0.0,35-50,0.0,naturressourcer,0.0,168,0.0,"Der bør være højere skat på flyrejser,Ingen uddannelser må have et karakterkrav (gennemsnit) på over 9 som optagelseskrav,Det skal være gratis at gå til tandlæge,Der bør ikke serveres kød på offentlige arbejdspladser og institutioner",0.0,7,8,4.0
Hold 02;,135004,Hsyl185047,2022-09-07 08:49:04 UTC,1,hverken ja eller nej,0.0,Ja en del af informationen,0.0,Uden,0.0,4,0.0,ja det vil være en stor fordel for mig,1.0,Jeg har styr på det meste fra tidligere kurser hvor jeg har brugt R,0.0,Det ved jeg ikke,0.0,Næsten hver gang,0.0,"Jeg spiser både grønt, fisk og kød",0.0,0,0.0,"Renovere sin bolig,Køre på rulleski,Se fodboldkampe med Liverpool i tv",0.0,45,0.0,jordbrugsøkonomi,0.0,165,0.0,"Det skal være gratis at gå til tandlæge,Der bør ikke serveres kød på offentlige arbejdspladser og institutioner,Der stilles større krav til unge mennesker idag end før i tiden",0.0,4,11,1.0
Hold 03;,135005,Hsyl185048,2022-09-07 08:49:03 UTC,1,ja lidt,0.0,Ja det hele,1.0,Med,1.0,10,0.0,ja det vil være en stor fordel for mig,1.0,Jeg kan lave nogle simple beregninger i R,0.0,Ja,1.0,Hver gang,1.0,"Jeg spiser både grønt, fisk og kød",0.0,18 timer,0.0,"Plukke kantareller,Køre på rulleski,Se fodboldkampe med Liverpool i tv",0.0,Omkring 30 minutter,0.0,jordbrugsøkonomi,0.0,178,0.0,"Der bør være lavere skat på arbejde,Ingen uddannelser må have et karakterkrav (gennemsnit) på over 9 som optagelseskrav,Det skal være gratis at gå til tandlæge,Der stilles større krav til unge mennesker idag end før i tiden",0.0,8,7,5.0
Hold 06;,135009,Hsyl185051,2022-09-07 08:48:56 UTC,1,ja meget,1.0,Nej slet ikke,0.0,Uden,0.0,10,0.0,ja det vil være en stor fordel for mig,1.0,Jeg kan lave nogle simple beregninger i R,0.0,Ja,1.0,Næsten hver gang,0.0,"Jeg spiser både grønt, fisk og kød",0.0,Mellem 8 og 15 timer,0.0,"Klatre i træer,Køre på rulleski,Se fodboldkampe med Liverpool i tv",0.0,"1 time 2 minutter og 35 sekunder, sådan cirka",0.0,bioteknologi,1.0,195,0.0,"Der bør være lavere skat på arbejde,Det skal være gratis at gå til tandlæge",0.0,7,8,4.0
Hold 05;,135008,Hsyl185050,2022-09-07 08:48:47 UTC,1,ja lidt,0.0,Ja en del af informationen,0.0,Uden,0.0,7,0.0,ja men jeg vil ikke se ret mange af videoerne,0.0,Jeg har brugt R før men kan intet huske,0.0,Ja,1.0,Næsten hver gang,0.0,"Jeg spiser både grønt, fisk og kød",0.0,"9,5",0.0,"Klatre i træer,Køre på rulleski,Se fodboldkampe med Liverpool i tv",0.0,60,0.0,naturressourcer,0.0,186,0.0,"Der bør være højere skat på flyrejser,Der bør være lavere skat på arbejde,Det skal være gratis at gå til tandlæge,Der bør ikke serveres kød på offentlige arbejdspladser og institutioner",0.0,4,11,1.0
